system,case_id,case_dir,rc_service,fault_type,CIRCA_tuned_rank,CIRCA_tuned_nsvc,n_cols_used,secs
OB,OB/checkoutservice_cpu/1,/home/user/data/RE2/RE2-OB/checkoutservice_cpu/1,checkoutservice,cpu,1.0,1,4,0.04
OB,OB/checkoutservice_cpu/2,/home/user/data/RE2/RE2-OB/checkoutservice_cpu/2,checkoutservice,cpu,3.0,10,74,0.03
OB,OB/checkoutservice_cpu/3,/home/user/data/RE2/RE2-OB/checkoutservice_cpu/3,checkoutservice,cpu,1.0,2,5,0.03
OB,OB/checkoutservice_delay/1,/home/user/data/RE2/RE2-OB/checkoutservice_delay/1,checkoutservice,delay,,0,2,0.02
OB,OB/checkoutservice_delay/2,/home/user/data/RE2/RE2-OB/checkoutservice_delay/2,checkoutservice,delay,,0,2,0.02
OB,OB/checkoutservice_delay/3,/home/user/data/RE2/RE2-OB/checkoutservice_delay/3,checkoutservice,delay,,0,2,0.02
OB,OB/checkoutservice_disk/1,/home/user/data/RE2/RE2-OB/checkoutservice_disk/1,checkoutservice,disk,1.0,1,4,0.03
OB,OB/checkoutservice_disk/2,/home/user/data/RE2/RE2-OB/checkoutservice_disk/2,checkoutservice,disk,3.0,10,57,0.02
OB,OB/checkoutservice_disk/3,/home/user/data/RE2/RE2-OB/checkoutservice_disk/3,checkoutservice,disk,1.0,1,4,0.02
OB,OB/checkoutservice_loss/1,/home/user/data/RE2/RE2-OB/checkoutservice_loss/1,checkoutservice,loss,3.0,10,60,0.08
OB,OB/checkoutservice_loss/2,/home/user/data/RE2/RE2-OB/checkoutservice_loss/2,checkoutservice,loss,,0,2,0.02
OB,OB/checkoutservice_loss/3,/home/user/data/RE2/RE2-OB/checkoutservice_loss/3,checkoutservice,loss,3.0,5,8,0.07
OB,OB/checkoutservice_mem/1,/home/user/data/RE2/RE2-OB/checkoutservice_mem/1,checkoutservice,mem,3.0,10,58,0.03
OB,OB/checkoutservice_mem/2,/home/user/data/RE2/RE2-OB/checkoutservice_mem/2,checkoutservice,mem,3.0,10,75,0.02
OB,OB/checkoutservice_mem/3,/home/user/data/RE2/RE2-OB/checkoutservice_mem/3,checkoutservice,mem,1.0,1,4,0.03
OB,OB/checkoutservice_socket/1,/home/user/data/RE2/RE2-OB/checkoutservice_socket/1,checkoutservice,socket,3.0,10,63,0.02
OB,OB/checkoutservice_socket/2,/home/user/data/RE2/RE2-OB/checkoutservice_socket/2,checkoutservice,socket,1.0,3,5,0.03
OB,OB/checkoutservice_socket/3,/home/user/data/RE2/RE2-OB/checkoutservice_socket/3,checkoutservice,socket,3.0,10,60,0.03
OB,OB/currencyservice_cpu/1,/home/user/data/RE2/RE2-OB/currencyservice_cpu/1,currencyservice,cpu,1.0,1,3,0.03
OB,OB/currencyservice_cpu/2,/home/user/data/RE2/RE2-OB/currencyservice_cpu/2,currencyservice,cpu,1.0,1,3,0.05
OB,OB/currencyservice_cpu/3,/home/user/data/RE2/RE2-OB/currencyservice_cpu/3,currencyservice,cpu,1.0,1,3,0.03
OB,OB/currencyservice_delay/1,/home/user/data/RE2/RE2-OB/currencyservice_delay/1,currencyservice,delay,,0,2,0.02
OB,OB/currencyservice_delay/2,/home/user/data/RE2/RE2-OB/currencyservice_delay/2,currencyservice,delay,1.0,1,3,0.03
OB,OB/currencyservice_delay/3,/home/user/data/RE2/RE2-OB/currencyservice_delay/3,currencyservice,delay,1.0,1,3,0.03
OB,OB/currencyservice_disk/1,/home/user/data/RE2/RE2-OB/currencyservice_disk/1,currencyservice,disk,1.0,2,4,0.05
OB,OB/currencyservice_disk/2,/home/user/data/RE2/RE2-OB/currencyservice_disk/2,currencyservice,disk,1.0,2,4,0.03
OB,OB/currencyservice_disk/3,/home/user/data/RE2/RE2-OB/currencyservice_disk/3,currencyservice,disk,1.0,1,3,0.03
OB,OB/currencyservice_loss/1,/home/user/data/RE2/RE2-OB/currencyservice_loss/1,currencyservice,loss,4.0,10,60,0.03
OB,OB/currencyservice_loss/2,/home/user/data/RE2/RE2-OB/currencyservice_loss/2,currencyservice,loss,4.0,10,60,0.03
OB,OB/currencyservice_loss/3,/home/user/data/RE2/RE2-OB/currencyservice_loss/3,currencyservice,loss,2.0,2,4,0.03
OB,OB/currencyservice_mem/1,/home/user/data/RE2/RE2-OB/currencyservice_mem/1,currencyservice,mem,1.0,2,4,0.04
OB,OB/currencyservice_mem/2,/home/user/data/RE2/RE2-OB/currencyservice_mem/2,currencyservice,mem,1.0,2,4,0.03
OB,OB/currencyservice_mem/3,/home/user/data/RE2/RE2-OB/currencyservice_mem/3,currencyservice,mem,1.0,2,4,0.03
OB,OB/currencyservice_socket/1,/home/user/data/RE2/RE2-OB/currencyservice_socket/1,currencyservice,socket,,0,3,0.02
OB,OB/currencyservice_socket/2,/home/user/data/RE2/RE2-OB/currencyservice_socket/2,currencyservice,socket,1.0,1,3,0.03
OB,OB/currencyservice_socket/3,/home/user/data/RE2/RE2-OB/currencyservice_socket/3,currencyservice,socket,1.0,2,4,0.04
OB,OB/emailservice_cpu/1,/home/user/data/RE2/RE2-OB/emailservice_cpu/1,emailservice,cpu,1.0,1,4,0.03
OB,OB/emailservice_cpu/2,/home/user/data/RE2/RE2-OB/emailservice_cpu/2,emailservice,cpu,1.0,1,4,0.03
OB,OB/emailservice_cpu/3,/home/user/data/RE2/RE2-OB/emailservice_cpu/3,emailservice,cpu,1.0,1,4,0.03
OB,OB/emailservice_delay/1,/home/user/data/RE2/RE2-OB/emailservice_delay/1,emailservice,delay,,0,2,0.02
OB,OB/emailservice_delay/2,/home/user/data/RE2/RE2-OB/emailservice_delay/2,emailservice,delay,,0,2,0.02
OB,OB/emailservice_delay/3,/home/user/data/RE2/RE2-OB/emailservice_delay/3,emailservice,delay,5.0,10,59,0.02
OB,OB/emailservice_disk/1,/home/user/data/RE2/RE2-OB/emailservice_disk/1,emailservice,disk,5.0,10,57,0.02
OB,OB/emailservice_disk/2,/home/user/data/RE2/RE2-OB/emailservice_disk/2,emailservice,disk,1.0,1,4,0.03
OB,OB/emailservice_disk/3,/home/user/data/RE2/RE2-OB/emailservice_disk/3,emailservice,disk,1.0,1,4,0.03
OB,OB/emailservice_loss/1,/home/user/data/RE2/RE2-OB/emailservice_loss/1,emailservice,loss,5.0,10,59,0.02
OB,OB/emailservice_loss/2,/home/user/data/RE2/RE2-OB/emailservice_loss/2,emailservice,loss,1.0,2,3,0.03
OB,OB/emailservice_loss/3,/home/user/data/RE2/RE2-OB/emailservice_loss/3,emailservice,loss,,0,3,0.02
OB,OB/emailservice_mem/1,/home/user/data/RE2/RE2-OB/emailservice_mem/1,emailservice,mem,1.0,1,4,0.03
OB,OB/emailservice_mem/2,/home/user/data/RE2/RE2-OB/emailservice_mem/2,emailservice,mem,5.0,10,58,0.03
OB,OB/emailservice_mem/3,/home/user/data/RE2/RE2-OB/emailservice_mem/3,emailservice,mem,1.0,2,4,0.04
OB,OB/emailservice_socket/1,/home/user/data/RE2/RE2-OB/emailservice_socket/1,emailservice,socket,1.0,4,6,0.05
OB,OB/emailservice_socket/2,/home/user/data/RE2/RE2-OB/emailservice_socket/2,emailservice,socket,5.0,10,59,0.02
OB,OB/emailservice_socket/3,/home/user/data/RE2/RE2-OB/emailservice_socket/3,emailservice,socket,1.0,2,5,0.03
OB,OB/productcatalogservice_cpu/1,/home/user/data/RE2/RE2-OB/productcatalogservice_cpu/1,productcatalogservice,cpu,8.0,10,60,0.03
OB,OB/productcatalogservice_cpu/2,/home/user/data/RE2/RE2-OB/productcatalogservice_cpu/2,productcatalogservice,cpu,1.0,2,4,0.03
OB,OB/productcatalogservice_cpu/3,/home/user/data/RE2/RE2-OB/productcatalogservice_cpu/3,productcatalogservice,cpu,1.0,2,4,0.03
OB,OB/productcatalogservice_delay/1,/home/user/data/RE2/RE2-OB/productcatalogservice_delay/1,productcatalogservice,delay,,0,2,0.02
OB,OB/productcatalogservice_delay/2,/home/user/data/RE2/RE2-OB/productcatalogservice_delay/2,productcatalogservice,delay,,2,3,0.03
OB,OB/productcatalogservice_delay/3,/home/user/data/RE2/RE2-OB/productcatalogservice_delay/3,productcatalogservice,delay,,0,2,0.02
OB,OB/productcatalogservice_disk/1,/home/user/data/RE2/RE2-OB/productcatalogservice_disk/1,productcatalogservice,disk,1.0,1,4,0.03
OB,OB/productcatalogservice_disk/2,/home/user/data/RE2/RE2-OB/productcatalogservice_disk/2,productcatalogservice,disk,1.0,2,4,0.03
OB,OB/productcatalogservice_disk/3,/home/user/data/RE2/RE2-OB/productcatalogservice_disk/3,productcatalogservice,disk,8.0,10,69,0.03
OB,OB/productcatalogservice_loss/1,/home/user/data/RE2/RE2-OB/productcatalogservice_loss/1,productcatalogservice,loss,3.0,5,7,0.07
OB,OB/productcatalogservice_loss/2,/home/user/data/RE2/RE2-OB/productcatalogservice_loss/2,productcatalogservice,loss,3.0,4,8,0.1
OB,OB/productcatalogservice_loss/3,/home/user/data/RE2/RE2-OB/productcatalogservice_loss/3,productcatalogservice,loss,8.0,10,63,0.03
OB,OB/productcatalogservice_mem/1,/home/user/data/RE2/RE2-OB/productcatalogservice_mem/1,productcatalogservice,mem,2.0,4,6,0.05
OB,OB/productcatalogservice_mem/2,/home/user/data/RE2/RE2-OB/productcatalogservice_mem/2,productcatalogservice,mem,8.0,10,59,0.03
OB,OB/productcatalogservice_mem/3,/home/user/data/RE2/RE2-OB/productcatalogservice_mem/3,productcatalogservice,mem,1.0,3,5,0.04
OB,OB/productcatalogservice_socket/1,/home/user/data/RE2/RE2-OB/productcatalogservice_socket/1,productcatalogservice,socket,1.0,5,7,0.06
OB,OB/productcatalogservice_socket/2,/home/user/data/RE2/RE2-OB/productcatalogservice_socket/2,productcatalogservice,socket,1.0,5,9,0.09
OB,OB/productcatalogservice_socket/3,/home/user/data/RE2/RE2-OB/productcatalogservice_socket/3,productcatalogservice,socket,1.0,2,4,0.03
OB,OB/recommendationservice_cpu/1,/home/user/data/RE2/RE2-OB/recommendationservice_cpu/1,recommendationservice,cpu,1.0,1,4,0.04
OB,OB/recommendationservice_cpu/2,/home/user/data/RE2/RE2-OB/recommendationservice_cpu/2,recommendationservice,cpu,1.0,1,4,0.03
OB,OB/recommendationservice_cpu/3,/home/user/data/RE2/RE2-OB/recommendationservice_cpu/3,recommendationservice,cpu,1.0,1,4,0.03
OB,OB/recommendationservice_delay/1,/home/user/data/RE2/RE2-OB/recommendationservice_delay/1,recommendationservice,delay,,0,2,0.02
OB,OB/recommendationservice_delay/2,/home/user/data/RE2/RE2-OB/recommendationservice_delay/2,recommendationservice,delay,,0,2,0.02
OB,OB/recommendationservice_delay/3,/home/user/data/RE2/RE2-OB/recommendationservice_delay/3,recommendationservice,delay,,0,2,0.02
OB,OB/recommendationservice_disk/1,/home/user/data/RE2/RE2-OB/recommendationservice_disk/1,recommendationservice,disk,1.0,1,4,0.03
OB,OB/recommendationservice_disk/2,/home/user/data/RE2/RE2-OB/recommendationservice_disk/2,recommendationservice,disk,1.0,1,4,0.03
OB,OB/recommendationservice_disk/3,/home/user/data/RE2/RE2-OB/recommendationservice_disk/3,recommendationservice,disk,1.0,2,4,0.03
OB,OB/recommendationservice_loss/1,/home/user/data/RE2/RE2-OB/recommendationservice_loss/1,recommendationservice,loss,9.0,10,69,0.03
OB,OB/recommendationservice_loss/2,/home/user/data/RE2/RE2-OB/recommendationservice_loss/2,recommendationservice,loss,9.0,10,62,0.03
OB,OB/recommendationservice_loss/3,/home/user/data/RE2/RE2-OB/recommendationservice_loss/3,recommendationservice,loss,1.0,6,10,0.13
OB,OB/recommendationservice_mem/1,/home/user/data/RE2/RE2-OB/recommendationservice_mem/1,recommendationservice,mem,1.0,10,14,0.2
OB,OB/recommendationservice_mem/2,/home/user/data/RE2/RE2-OB/recommendationservice_mem/2,recommendationservice,mem,9.0,10,60,0.03
OB,OB/recommendationservice_mem/3,/home/user/data/RE2/RE2-OB/recommendationservice_mem/3,recommendationservice,mem,1.0,3,5,0.04
OB,OB/recommendationservice_socket/1,/home/user/data/RE2/RE2-OB/recommendationservice_socket/1,recommendationservice,socket,9.0,10,59,0.02
OB,OB/recommendationservice_socket/2,/home/user/data/RE2/RE2-OB/recommendationservice_socket/2,recommendationservice,socket,1.0,2,4,0.03
OB,OB/recommendationservice_socket/3,/home/user/data/RE2/RE2-OB/recommendationservice_socket/3,recommendationservice,socket,1.0,2,4,0.03
TT,TT/ts-auth-service_cpu/1,/home/user/data/RE2/RE2-TT/ts-auth-service_cpu/1,ts-auth-service,cpu,4.0,28,323,0.18
TT,TT/ts-auth-service_cpu/2,/home/user/data/RE2/RE2-TT/ts-auth-service_cpu/2,ts-auth-service,cpu,4.0,28,332,0.08
TT,TT/ts-auth-service_cpu/3,/home/user/data/RE2/RE2-TT/ts-auth-service_cpu/3,ts-auth-service,cpu,1.0,6,8,0.11
TT,TT/ts-auth-service_delay/1,/home/user/data/RE2/RE2-TT/ts-auth-service_delay/1,ts-auth-service,delay,2.0,4,7,0.09
TT,TT/ts-auth-service_delay/2,/home/user/data/RE2/RE2-TT/ts-auth-service_delay/2,ts-auth-service,delay,4.0,28,322,0.08
TT,TT/ts-auth-service_delay/3,/home/user/data/RE2/RE2-TT/ts-auth-service_delay/3,ts-auth-service,delay,4.0,28,322,0.08
TT,TT/ts-auth-service_disk/1,/home/user/data/RE2/RE2-TT/ts-auth-service_disk/1,ts-auth-service,disk,1.0,23,42,5.02
TT,TT/ts-auth-service_disk/2,/home/user/data/RE2/RE2-TT/ts-auth-service_disk/2,ts-auth-service,disk,4.0,28,320,0.09
TT,TT/ts-auth-service_disk/3,/home/user/data/RE2/RE2-TT/ts-auth-service_disk/3,ts-auth-service,disk,4.0,28,322,0.09
TT,TT/ts-auth-service_loss/1,/home/user/data/RE2/RE2-TT/ts-auth-service_loss/1,ts-auth-service,loss,4.0,28,328,0.08
TT,TT/ts-auth-service_loss/2,/home/user/data/RE2/RE2-TT/ts-auth-service_loss/2,ts-auth-service,loss,2.0,18,24,1.04
TT,TT/ts-auth-service_loss/3,/home/user/data/RE2/RE2-TT/ts-auth-service_loss/3,ts-auth-service,loss,5.0,7,9,0.12
TT,TT/ts-auth-service_mem/1,/home/user/data/RE2/RE2-TT/ts-auth-service_mem/1,ts-auth-service,mem,1.0,4,7,0.09
TT,TT/ts-auth-service_mem/2,/home/user/data/RE2/RE2-TT/ts-auth-service_mem/2,ts-auth-service,mem,1.0,9,16,0.32
TT,TT/ts-auth-service_mem/3,/home/user/data/RE2/RE2-TT/ts-auth-service_mem/3,ts-auth-service,mem,4.0,28,322,0.08
TT,TT/ts-auth-service_socket/1,/home/user/data/RE2/RE2-TT/ts-auth-service_socket/1,ts-auth-service,socket,2.0,12,15,0.5
TT,TT/ts-auth-service_socket/2,/home/user/data/RE2/RE2-TT/ts-auth-service_socket/2,ts-auth-service,socket,3.0,17,22,1.42
TT,TT/ts-auth-service_socket/3,/home/user/data/RE2/RE2-TT/ts-auth-service_socket/3,ts-auth-service,socket,1.0,9,16,0.32
TT,TT/ts-order-service_cpu/1,/home/user/data/RE2/RE2-TT/ts-order-service_cpu/1,ts-order-service,cpu,14.0,28,330,0.08
TT,TT/ts-order-service_cpu/2,/home/user/data/RE2/RE2-TT/ts-order-service_cpu/2,ts-order-service,cpu,3.0,16,19,0.74
TT,TT/ts-order-service_cpu/3,/home/user/data/RE2/RE2-TT/ts-order-service_cpu/3,ts-order-service,cpu,14.0,28,325,0.08
TT,TT/ts-order-service_delay/1,/home/user/data/RE2/RE2-TT/ts-order-service_delay/1,ts-order-service,delay,2.0,4,6,0.13
TT,TT/ts-order-service_delay/2,/home/user/data/RE2/RE2-TT/ts-order-service_delay/2,ts-order-service,delay,13.0,22,302,0.08
TT,TT/ts-order-service_delay/3,/home/user/data/RE2/RE2-TT/ts-order-service_delay/3,ts-order-service,delay,2.0,12,16,0.29
TT,TT/ts-order-service_disk/1,/home/user/data/RE2/RE2-TT/ts-order-service_disk/1,ts-order-service,disk,1.0,5,8,0.1
TT,TT/ts-order-service_disk/2,/home/user/data/RE2/RE2-TT/ts-order-service_disk/2,ts-order-service,disk,1.0,13,15,0.4
TT,TT/ts-order-service_disk/3,/home/user/data/RE2/RE2-TT/ts-order-service_disk/3,ts-order-service,disk,1.0,7,9,0.11
TT,TT/ts-order-service_loss/1,/home/user/data/RE2/RE2-TT/ts-order-service_loss/1,ts-order-service,loss,2.0,6,10,0.11
TT,TT/ts-order-service_loss/2,/home/user/data/RE2/RE2-TT/ts-order-service_loss/2,ts-order-service,loss,2.0,2,4,0.12
TT,TT/ts-order-service_loss/3,/home/user/data/RE2/RE2-TT/ts-order-service_loss/3,ts-order-service,loss,,0,3,0.05
TT,TT/ts-order-service_mem/1,/home/user/data/RE2/RE2-TT/ts-order-service_mem/1,ts-order-service,mem,14.0,28,322,0.08
TT,TT/ts-order-service_mem/2,/home/user/data/RE2/RE2-TT/ts-order-service_mem/2,ts-order-service,mem,14.0,28,322,0.08
TT,TT/ts-order-service_mem/3,/home/user/data/RE2/RE2-TT/ts-order-service_mem/3,ts-order-service,mem,1.0,20,26,1.28
TT,TT/ts-order-service_socket/1,/home/user/data/RE2/RE2-TT/ts-order-service_socket/1,ts-order-service,socket,1.0,4,8,0.1
TT,TT/ts-order-service_socket/2,/home/user/data/RE2/RE2-TT/ts-order-service_socket/2,ts-order-service,socket,1.0,2,5,0.12
TT,TT/ts-order-service_socket/3,/home/user/data/RE2/RE2-TT/ts-order-service_socket/3,ts-order-service,socket,14.0,28,330,0.08
TT,TT/ts-route-service_cpu/1,/home/user/data/RE2/RE2-TT/ts-route-service_cpu/1,ts-route-service,cpu,19.0,28,339,0.08
TT,TT/ts-route-service_cpu/2,/home/user/data/RE2/RE2-TT/ts-route-service_cpu/2,ts-route-service,cpu,2.0,17,23,0.82
TT,TT/ts-route-service_cpu/3,/home/user/data/RE2/RE2-TT/ts-route-service_cpu/3,ts-route-service,cpu,1.0,8,11,0.13
TT,TT/ts-route-service_delay/1,/home/user/data/RE2/RE2-TT/ts-route-service_delay/1,ts-route-service,delay,,4,6,0.08
TT,TT/ts-route-service_delay/2,/home/user/data/RE2/RE2-TT/ts-route-service_delay/2,ts-route-service,delay,19.0,28,324,0.14
TT,TT/ts-route-service_delay/3,/home/user/data/RE2/RE2-TT/ts-route-service_delay/3,ts-route-service,delay,,7,9,0.13
TT,TT/ts-route-service_disk/1,/home/user/data/RE2/RE2-TT/ts-route-service_disk/1,ts-route-service,disk,1.0,8,12,0.2
TT,TT/ts-route-service_disk/2,/home/user/data/RE2/RE2-TT/ts-route-service_disk/2,ts-route-service,disk,1.0,7,9,0.11
TT,TT/ts-route-service_disk/3,/home/user/data/RE2/RE2-TT/ts-route-service_disk/3,ts-route-service,disk,19.0,28,322,0.09
TT,TT/ts-route-service_loss/1,/home/user/data/RE2/RE2-TT/ts-route-service_loss/1,ts-route-service,loss,,2,5,0.07
TT,TT/ts-route-service_loss/2,/home/user/data/RE2/RE2-TT/ts-route-service_loss/2,ts-route-service,loss,,4,7,0.09
TT,TT/ts-route-service_loss/3,/home/user/data/RE2/RE2-TT/ts-route-service_loss/3,ts-route-service,loss,19.0,28,320,0.13
TT,TT/ts-route-service_mem/1,/home/user/data/RE2/RE2-TT/ts-route-service_mem/1,ts-route-service,mem,19.0,28,336,0.08
TT,TT/ts-route-service_mem/2,/home/user/data/RE2/RE2-TT/ts-route-service_mem/2,ts-route-service,mem,19.0,28,328,0.08
TT,TT/ts-route-service_mem/3,/home/user/data/RE2/RE2-TT/ts-route-service_mem/3,ts-route-service,mem,19.0,28,318,0.08
TT,TT/ts-route-service_socket/1,/home/user/data/RE2/RE2-TT/ts-route-service_socket/1,ts-route-service,socket,1.0,6,9,0.12
TT,TT/ts-route-service_socket/2,/home/user/data/RE2/RE2-TT/ts-route-service_socket/2,ts-route-service,socket,19.0,28,319,0.14
TT,TT/ts-route-service_socket/3,/home/user/data/RE2/RE2-TT/ts-route-service_socket/3,ts-route-service,socket,1.0,17,22,0.92
TT,TT/ts-train-service_cpu/1,/home/user/data/RE2/RE2-TT/ts-train-service_cpu/1,ts-train-service,cpu,24.0,28,331,0.09
TT,TT/ts-train-service_cpu/2,/home/user/data/RE2/RE2-TT/ts-train-service_cpu/2,ts-train-service,cpu,24.0,28,337,0.08
TT,TT/ts-train-service_cpu/3,/home/user/data/RE2/RE2-TT/ts-train-service_cpu/3,ts-train-service,cpu,24.0,28,326,0.08
TT,TT/ts-train-service_delay/1,/home/user/data/RE2/RE2-TT/ts-train-service_delay/1,ts-train-service,delay,24.0,28,324,0.15
TT,TT/ts-train-service_delay/2,/home/user/data/RE2/RE2-TT/ts-train-service_delay/2,ts-train-service,delay,24.0,28,320,0.09
TT,TT/ts-train-service_delay/3,/home/user/data/RE2/RE2-TT/ts-train-service_delay/3,ts-train-service,delay,,7,8,0.1
TT,TT/ts-train-service_disk/1,/home/user/data/RE2/RE2-TT/ts-train-service_disk/1,ts-train-service,disk,24.0,28,317,0.08
TT,TT/ts-train-service_disk/2,/home/user/data/RE2/RE2-TT/ts-train-service_disk/2,ts-train-service,disk,1.0,6,8,0.11
TT,TT/ts-train-service_disk/3,/home/user/data/RE2/RE2-TT/ts-train-service_disk/3,ts-train-service,disk,2.0,5,8,0.17
TT,TT/ts-train-service_loss/1,/home/user/data/RE2/RE2-TT/ts-train-service_loss/1,ts-train-service,loss,2.0,11,13,0.21
TT,TT/ts-train-service_loss/2,/home/user/data/RE2/RE2-TT/ts-train-service_loss/2,ts-train-service,loss,24.0,28,329,0.09
TT,TT/ts-train-service_loss/3,/home/user/data/RE2/RE2-TT/ts-train-service_loss/3,ts-train-service,loss,,3,5,0.09
TT,TT/ts-train-service_mem/1,/home/user/data/RE2/RE2-TT/ts-train-service_mem/1,ts-train-service,mem,24.0,28,324,0.09
TT,TT/ts-train-service_mem/2,/home/user/data/RE2/RE2-TT/ts-train-service_mem/2,ts-train-service,mem,24.0,28,328,0.16
TT,TT/ts-train-service_mem/3,/home/user/data/RE2/RE2-TT/ts-train-service_mem/3,ts-train-service,mem,1.0,20,26,1.62
TT,TT/ts-train-service_socket/1,/home/user/data/RE2/RE2-TT/ts-train-service_socket/1,ts-train-service,socket,1.0,4,8,0.1
TT,TT/ts-train-service_socket/2,/home/user/data/RE2/RE2-TT/ts-train-service_socket/2,ts-train-service,socket,1.0,7,14,0.24
TT,TT/ts-train-service_socket/3,/home/user/data/RE2/RE2-TT/ts-train-service_socket/3,ts-train-service,socket,24.0,28,323,0.1
TT,TT/ts-travel-service_cpu/1,/home/user/data/RE2/RE2-TT/ts-travel-service_cpu/1,ts-travel-service,cpu,3.0,27,45,13.91
TT,TT/ts-travel-service_cpu/2,/home/user/data/RE2/RE2-TT/ts-travel-service_cpu/2,ts-travel-service,cpu,1.0,8,10,0.19
TT,TT/ts-travel-service_cpu/3,/home/user/data/RE2/RE2-TT/ts-travel-service_cpu/3,ts-travel-service,cpu,1.0,6,8,0.12
TT,TT/ts-travel-service_delay/1,/home/user/data/RE2/RE2-TT/ts-travel-service_delay/1,ts-travel-service,delay,2.0,7,11,0.18
TT,TT/ts-travel-service_delay/2,/home/user/data/RE2/RE2-TT/ts-travel-service_delay/2,ts-travel-service,delay,1.0,5,7,0.11
TT,TT/ts-travel-service_delay/3,/home/user/data/RE2/RE2-TT/ts-travel-service_delay/3,ts-travel-service,delay,25.0,28,327,0.1
TT,TT/ts-travel-service_disk/1,/home/user/data/RE2/RE2-TT/ts-travel-service_disk/1,ts-travel-service,disk,1.0,6,8,0.13
TT,TT/ts-travel-service_disk/2,/home/user/data/RE2/RE2-TT/ts-travel-service_disk/2,ts-travel-service,disk,1.0,8,10,0.2
TT,TT/ts-travel-service_disk/3,/home/user/data/RE2/RE2-TT/ts-travel-service_disk/3,ts-travel-service,disk,1.0,4,6,0.09
TT,TT/ts-travel-service_loss/1,/home/user/data/RE2/RE2-TT/ts-travel-service_loss/1,ts-travel-service,loss,25.0,28,323,0.09
TT,TT/ts-travel-service_loss/2,/home/user/data/RE2/RE2-TT/ts-travel-service_loss/2,ts-travel-service,loss,4.0,8,13,0.25
TT,TT/ts-travel-service_loss/3,/home/user/data/RE2/RE2-TT/ts-travel-service_loss/3,ts-travel-service,loss,25.0,28,334,0.09
TT,TT/ts-travel-service_mem/1,/home/user/data/RE2/RE2-TT/ts-travel-service_mem/1,ts-travel-service,mem,25.0,28,332,0.15
TT,TT/ts-travel-service_mem/2,/home/user/data/RE2/RE2-TT/ts-travel-service_mem/2,ts-travel-service,mem,1.0,14,23,0.85
TT,TT/ts-travel-service_mem/3,/home/user/data/RE2/RE2-TT/ts-travel-service_mem/3,ts-travel-service,mem,25.0,28,321,0.09
TT,TT/ts-travel-service_socket/1,/home/user/data/RE2/RE2-TT/ts-travel-service_socket/1,ts-travel-service,socket,1.0,3,6,0.09
TT,TT/ts-travel-service_socket/2,/home/user/data/RE2/RE2-TT/ts-travel-service_socket/2,ts-travel-service,socket,25.0,28,327,0.08
TT,TT/ts-travel-service_socket/3,/home/user/data/RE2/RE2-TT/ts-travel-service_socket/3,ts-travel-service,socket,25.0,28,319,0.08
