system,case_id,case_dir,rc_service,fault_type,ediag_unc_rank,ediag_unc_nsvc,ediag_unc_ncols_ranked,n_candidate_cols,secs
OB,OB/checkoutservice_cpu/1,/home/user/data/RE2/RE2-OB/checkoutservice_cpu/1,checkoutservice,cpu,8.0,10,25,56,2.31
OB,OB/checkoutservice_cpu/2,/home/user/data/RE2/RE2-OB/checkoutservice_cpu/2,checkoutservice,cpu,2.0,9,19,58,1.97
OB,OB/checkoutservice_cpu/3,/home/user/data/RE2/RE2-OB/checkoutservice_cpu/3,checkoutservice,cpu,8.0,10,29,55,1.98
OB,OB/checkoutservice_delay/1,/home/user/data/RE2/RE2-OB/checkoutservice_delay/1,checkoutservice,delay,3.0,10,35,55,1.83
OB,OB/checkoutservice_delay/2,/home/user/data/RE2/RE2-OB/checkoutservice_delay/2,checkoutservice,delay,8.0,9,30,55,2.0
OB,OB/checkoutservice_delay/3,/home/user/data/RE2/RE2-OB/checkoutservice_delay/3,checkoutservice,delay,7.0,9,26,53,1.88
OB,OB/checkoutservice_disk/1,/home/user/data/RE2/RE2-OB/checkoutservice_disk/1,checkoutservice,disk,5.0,10,39,56,1.95
OB,OB/checkoutservice_disk/2,/home/user/data/RE2/RE2-OB/checkoutservice_disk/2,checkoutservice,disk,9.0,10,31,56,2.02
OB,OB/checkoutservice_disk/3,/home/user/data/RE2/RE2-OB/checkoutservice_disk/3,checkoutservice,disk,5.0,10,28,54,1.76
OB,OB/checkoutservice_loss/1,/home/user/data/RE2/RE2-OB/checkoutservice_loss/1,checkoutservice,loss,8.0,10,32,55,1.79
OB,OB/checkoutservice_loss/2,/home/user/data/RE2/RE2-OB/checkoutservice_loss/2,checkoutservice,loss,3.0,10,32,55,1.76
OB,OB/checkoutservice_loss/3,/home/user/data/RE2/RE2-OB/checkoutservice_loss/3,checkoutservice,loss,8.0,10,26,61,1.97
OB,OB/checkoutservice_mem/1,/home/user/data/RE2/RE2-OB/checkoutservice_mem/1,checkoutservice,mem,8.0,10,33,55,1.78
OB,OB/checkoutservice_mem/2,/home/user/data/RE2/RE2-OB/checkoutservice_mem/2,checkoutservice,mem,9.0,10,26,58,1.79
OB,OB/checkoutservice_mem/3,/home/user/data/RE2/RE2-OB/checkoutservice_mem/3,checkoutservice,mem,1.0,9,28,56,1.82
OB,OB/checkoutservice_socket/1,/home/user/data/RE2/RE2-OB/checkoutservice_socket/1,checkoutservice,socket,9.0,10,43,60,1.93
OB,OB/checkoutservice_socket/2,/home/user/data/RE2/RE2-OB/checkoutservice_socket/2,checkoutservice,socket,2.0,10,28,55,1.84
OB,OB/checkoutservice_socket/3,/home/user/data/RE2/RE2-OB/checkoutservice_socket/3,checkoutservice,socket,8.0,10,33,55,1.88
OB,OB/currencyservice_cpu/1,/home/user/data/RE2/RE2-OB/currencyservice_cpu/1,currencyservice,cpu,4.0,10,35,55,1.87
OB,OB/currencyservice_cpu/2,/home/user/data/RE2/RE2-OB/currencyservice_cpu/2,currencyservice,cpu,3.0,10,27,55,1.89
OB,OB/currencyservice_cpu/3,/home/user/data/RE2/RE2-OB/currencyservice_cpu/3,currencyservice,cpu,7.0,10,34,55,2.04
OB,OB/currencyservice_delay/1,/home/user/data/RE2/RE2-OB/currencyservice_delay/1,currencyservice,delay,2.0,9,33,55,1.9
OB,OB/currencyservice_delay/2,/home/user/data/RE2/RE2-OB/currencyservice_delay/2,currencyservice,delay,1.0,10,35,56,1.93
OB,OB/currencyservice_delay/3,/home/user/data/RE2/RE2-OB/currencyservice_delay/3,currencyservice,delay,1.0,10,33,55,2.02
OB,OB/currencyservice_disk/1,/home/user/data/RE2/RE2-OB/currencyservice_disk/1,currencyservice,disk,7.0,10,37,56,1.98
OB,OB/currencyservice_disk/2,/home/user/data/RE2/RE2-OB/currencyservice_disk/2,currencyservice,disk,9.0,10,39,56,2.05
OB,OB/currencyservice_disk/3,/home/user/data/RE2/RE2-OB/currencyservice_disk/3,currencyservice,disk,3.0,10,32,55,1.91
OB,OB/currencyservice_loss/1,/home/user/data/RE2/RE2-OB/currencyservice_loss/1,currencyservice,loss,1.0,10,27,55,1.94
OB,OB/currencyservice_loss/2,/home/user/data/RE2/RE2-OB/currencyservice_loss/2,currencyservice,loss,9.0,10,39,57,2.03
OB,OB/currencyservice_loss/3,/home/user/data/RE2/RE2-OB/currencyservice_loss/3,currencyservice,loss,8.0,10,27,56,1.98
OB,OB/currencyservice_mem/1,/home/user/data/RE2/RE2-OB/currencyservice_mem/1,currencyservice,mem,7.0,10,41,55,1.89
OB,OB/currencyservice_mem/2,/home/user/data/RE2/RE2-OB/currencyservice_mem/2,currencyservice,mem,8.0,10,38,56,1.9
OB,OB/currencyservice_mem/3,/home/user/data/RE2/RE2-OB/currencyservice_mem/3,currencyservice,mem,1.0,10,38,57,2.09
OB,OB/currencyservice_socket/1,/home/user/data/RE2/RE2-OB/currencyservice_socket/1,currencyservice,socket,10.0,10,35,55,2.15
OB,OB/currencyservice_socket/2,/home/user/data/RE2/RE2-OB/currencyservice_socket/2,currencyservice,socket,6.0,10,23,55,2.03
OB,OB/currencyservice_socket/3,/home/user/data/RE2/RE2-OB/currencyservice_socket/3,currencyservice,socket,10.0,10,38,56,2.07
OB,OB/emailservice_cpu/1,/home/user/data/RE2/RE2-OB/emailservice_cpu/1,emailservice,cpu,2.0,10,39,55,2.02
OB,OB/emailservice_cpu/2,/home/user/data/RE2/RE2-OB/emailservice_cpu/2,emailservice,cpu,10.0,10,38,56,2.14
OB,OB/emailservice_cpu/3,/home/user/data/RE2/RE2-OB/emailservice_cpu/3,emailservice,cpu,7.0,10,29,55,1.95
OB,OB/emailservice_delay/1,/home/user/data/RE2/RE2-OB/emailservice_delay/1,emailservice,delay,10.0,10,35,55,1.98
OB,OB/emailservice_delay/2,/home/user/data/RE2/RE2-OB/emailservice_delay/2,emailservice,delay,1.0,9,23,55,1.85
OB,OB/emailservice_delay/3,/home/user/data/RE2/RE2-OB/emailservice_delay/3,emailservice,delay,8.0,10,37,55,1.92
OB,OB/emailservice_disk/1,/home/user/data/RE2/RE2-OB/emailservice_disk/1,emailservice,disk,1.0,8,26,55,1.89
OB,OB/emailservice_disk/2,/home/user/data/RE2/RE2-OB/emailservice_disk/2,emailservice,disk,3.0,9,23,56,2.1
OB,OB/emailservice_disk/3,/home/user/data/RE2/RE2-OB/emailservice_disk/3,emailservice,disk,7.0,10,34,57,2.0
OB,OB/emailservice_loss/1,/home/user/data/RE2/RE2-OB/emailservice_loss/1,emailservice,loss,10.0,10,36,56,1.94
OB,OB/emailservice_loss/2,/home/user/data/RE2/RE2-OB/emailservice_loss/2,emailservice,loss,5.0,10,32,55,1.82
OB,OB/emailservice_loss/3,/home/user/data/RE2/RE2-OB/emailservice_loss/3,emailservice,loss,5.0,10,39,55,1.82
OB,OB/emailservice_mem/1,/home/user/data/RE2/RE2-OB/emailservice_mem/1,emailservice,mem,9.0,10,33,55,1.99
OB,OB/emailservice_mem/2,/home/user/data/RE2/RE2-OB/emailservice_mem/2,emailservice,mem,7.0,10,28,56,1.95
OB,OB/emailservice_mem/3,/home/user/data/RE2/RE2-OB/emailservice_mem/3,emailservice,mem,9.0,10,34,55,1.86
OB,OB/emailservice_socket/1,/home/user/data/RE2/RE2-OB/emailservice_socket/1,emailservice,socket,3.0,10,39,56,1.89
OB,OB/emailservice_socket/2,/home/user/data/RE2/RE2-OB/emailservice_socket/2,emailservice,socket,7.0,10,35,55,1.92
OB,OB/emailservice_socket/3,/home/user/data/RE2/RE2-OB/emailservice_socket/3,emailservice,socket,6.0,10,31,56,2.02
OB,OB/productcatalogservice_cpu/1,/home/user/data/RE2/RE2-OB/productcatalogservice_cpu/1,productcatalogservice,cpu,1.0,10,35,55,1.85
OB,OB/productcatalogservice_cpu/2,/home/user/data/RE2/RE2-OB/productcatalogservice_cpu/2,productcatalogservice,cpu,9.0,10,35,56,1.93
OB,OB/productcatalogservice_cpu/3,/home/user/data/RE2/RE2-OB/productcatalogservice_cpu/3,productcatalogservice,cpu,5.0,10,26,55,1.85
OB,OB/productcatalogservice_delay/1,/home/user/data/RE2/RE2-OB/productcatalogservice_delay/1,productcatalogservice,delay,7.0,10,28,55,1.91
OB,OB/productcatalogservice_delay/2,/home/user/data/RE2/RE2-OB/productcatalogservice_delay/2,productcatalogservice,delay,6.0,10,35,55,1.97
OB,OB/productcatalogservice_delay/3,/home/user/data/RE2/RE2-OB/productcatalogservice_delay/3,productcatalogservice,delay,3.0,10,40,58,2.07
OB,OB/productcatalogservice_disk/1,/home/user/data/RE2/RE2-OB/productcatalogservice_disk/1,productcatalogservice,disk,1.0,10,35,56,2.03
OB,OB/productcatalogservice_disk/2,/home/user/data/RE2/RE2-OB/productcatalogservice_disk/2,productcatalogservice,disk,4.0,10,25,56,1.95
OB,OB/productcatalogservice_disk/3,/home/user/data/RE2/RE2-OB/productcatalogservice_disk/3,productcatalogservice,disk,9.0,10,37,59,2.05
OB,OB/productcatalogservice_loss/1,/home/user/data/RE2/RE2-OB/productcatalogservice_loss/1,productcatalogservice,loss,9.0,10,31,57,1.94
OB,OB/productcatalogservice_loss/2,/home/user/data/RE2/RE2-OB/productcatalogservice_loss/2,productcatalogservice,loss,3.0,8,17,56,2.04
OB,OB/productcatalogservice_loss/3,/home/user/data/RE2/RE2-OB/productcatalogservice_loss/3,productcatalogservice,loss,2.0,10,28,59,2.1
OB,OB/productcatalogservice_mem/1,/home/user/data/RE2/RE2-OB/productcatalogservice_mem/1,productcatalogservice,mem,8.0,10,37,55,1.92
OB,OB/productcatalogservice_mem/2,/home/user/data/RE2/RE2-OB/productcatalogservice_mem/2,productcatalogservice,mem,5.0,10,42,57,2.01
OB,OB/productcatalogservice_mem/3,/home/user/data/RE2/RE2-OB/productcatalogservice_mem/3,productcatalogservice,mem,2.0,10,35,55,1.95
OB,OB/productcatalogservice_socket/1,/home/user/data/RE2/RE2-OB/productcatalogservice_socket/1,productcatalogservice,socket,7.0,10,38,56,1.9
OB,OB/productcatalogservice_socket/2,/home/user/data/RE2/RE2-OB/productcatalogservice_socket/2,productcatalogservice,socket,5.0,10,38,56,1.88
OB,OB/productcatalogservice_socket/3,/home/user/data/RE2/RE2-OB/productcatalogservice_socket/3,productcatalogservice,socket,3.0,10,35,55,1.85
OB,OB/recommendationservice_cpu/1,/home/user/data/RE2/RE2-OB/recommendationservice_cpu/1,recommendationservice,cpu,5.0,10,33,56,1.97
OB,OB/recommendationservice_cpu/2,/home/user/data/RE2/RE2-OB/recommendationservice_cpu/2,recommendationservice,cpu,4.0,9,29,55,1.96
OB,OB/recommendationservice_cpu/3,/home/user/data/RE2/RE2-OB/recommendationservice_cpu/3,recommendationservice,cpu,,8,18,55,1.98
OB,OB/recommendationservice_delay/1,/home/user/data/RE2/RE2-OB/recommendationservice_delay/1,recommendationservice,delay,1.0,10,35,55,1.94
OB,OB/recommendationservice_delay/2,/home/user/data/RE2/RE2-OB/recommendationservice_delay/2,recommendationservice,delay,8.0,10,35,55,1.96
OB,OB/recommendationservice_delay/3,/home/user/data/RE2/RE2-OB/recommendationservice_delay/3,recommendationservice,delay,5.0,10,31,55,1.87
OB,OB/recommendationservice_disk/1,/home/user/data/RE2/RE2-OB/recommendationservice_disk/1,recommendationservice,disk,2.0,10,36,55,1.88
OB,OB/recommendationservice_disk/2,/home/user/data/RE2/RE2-OB/recommendationservice_disk/2,recommendationservice,disk,5.0,10,33,55,1.87
OB,OB/recommendationservice_disk/3,/home/user/data/RE2/RE2-OB/recommendationservice_disk/3,recommendationservice,disk,9.0,10,32,55,1.91
OB,OB/recommendationservice_loss/1,/home/user/data/RE2/RE2-OB/recommendationservice_loss/1,recommendationservice,loss,,5,6,57,2.06
OB,OB/recommendationservice_loss/2,/home/user/data/RE2/RE2-OB/recommendationservice_loss/2,recommendationservice,loss,3.0,10,31,57,2.09
OB,OB/recommendationservice_loss/3,/home/user/data/RE2/RE2-OB/recommendationservice_loss/3,recommendationservice,loss,2.0,10,29,57,2.2
OB,OB/recommendationservice_mem/1,/home/user/data/RE2/RE2-OB/recommendationservice_mem/1,recommendationservice,mem,10.0,10,30,57,2.3
OB,OB/recommendationservice_mem/2,/home/user/data/RE2/RE2-OB/recommendationservice_mem/2,recommendationservice,mem,6.0,9,32,56,2.04
OB,OB/recommendationservice_mem/3,/home/user/data/RE2/RE2-OB/recommendationservice_mem/3,recommendationservice,mem,4.0,10,32,55,1.98
OB,OB/recommendationservice_socket/1,/home/user/data/RE2/RE2-OB/recommendationservice_socket/1,recommendationservice,socket,2.0,10,29,55,1.9
OB,OB/recommendationservice_socket/2,/home/user/data/RE2/RE2-OB/recommendationservice_socket/2,recommendationservice,socket,4.0,10,27,55,1.86
OB,OB/recommendationservice_socket/3,/home/user/data/RE2/RE2-OB/recommendationservice_socket/3,recommendationservice,socket,7.0,9,29,55,1.92
TT,TT/ts-auth-service_cpu/1,/home/user/data/RE2/RE2-TT/ts-auth-service_cpu/1,ts-auth-service,cpu,20.0,28,189,315,11.42
TT,TT/ts-auth-service_cpu/2,/home/user/data/RE2/RE2-TT/ts-auth-service_cpu/2,ts-auth-service,cpu,22.0,28,191,324,11.91
TT,TT/ts-auth-service_cpu/3,/home/user/data/RE2/RE2-TT/ts-auth-service_cpu/3,ts-auth-service,cpu,27.0,28,198,315,11.82
TT,TT/ts-auth-service_delay/1,/home/user/data/RE2/RE2-TT/ts-auth-service_delay/1,ts-auth-service,delay,22.0,28,180,315,11.19
TT,TT/ts-auth-service_delay/2,/home/user/data/RE2/RE2-TT/ts-auth-service_delay/2,ts-auth-service,delay,15.0,28,201,317,11.09
TT,TT/ts-auth-service_delay/3,/home/user/data/RE2/RE2-TT/ts-auth-service_delay/3,ts-auth-service,delay,8.0,28,172,316,11.36
TT,TT/ts-auth-service_disk/1,/home/user/data/RE2/RE2-TT/ts-auth-service_disk/1,ts-auth-service,disk,15.0,28,177,315,11.5
TT,TT/ts-auth-service_disk/2,/home/user/data/RE2/RE2-TT/ts-auth-service_disk/2,ts-auth-service,disk,23.0,28,198,313,11.27
TT,TT/ts-auth-service_disk/3,/home/user/data/RE2/RE2-TT/ts-auth-service_disk/3,ts-auth-service,disk,23.0,28,183,317,11.14
TT,TT/ts-auth-service_loss/1,/home/user/data/RE2/RE2-TT/ts-auth-service_loss/1,ts-auth-service,loss,4.0,28,174,315,10.86
TT,TT/ts-auth-service_loss/2,/home/user/data/RE2/RE2-TT/ts-auth-service_loss/2,ts-auth-service,loss,24.0,28,189,317,10.82
TT,TT/ts-auth-service_loss/3,/home/user/data/RE2/RE2-TT/ts-auth-service_loss/3,ts-auth-service,loss,20.0,28,195,316,11.25
TT,TT/ts-auth-service_mem/1,/home/user/data/RE2/RE2-TT/ts-auth-service_mem/1,ts-auth-service,mem,19.0,28,179,313,10.92
TT,TT/ts-auth-service_mem/2,/home/user/data/RE2/RE2-TT/ts-auth-service_mem/2,ts-auth-service,mem,16.0,28,180,320,10.89
TT,TT/ts-auth-service_mem/3,/home/user/data/RE2/RE2-TT/ts-auth-service_mem/3,ts-auth-service,mem,21.0,28,183,317,10.77
TT,TT/ts-auth-service_socket/1,/home/user/data/RE2/RE2-TT/ts-auth-service_socket/1,ts-auth-service,socket,21.0,28,188,314,11.14
TT,TT/ts-auth-service_socket/2,/home/user/data/RE2/RE2-TT/ts-auth-service_socket/2,ts-auth-service,socket,16.0,28,171,313,10.98
TT,TT/ts-auth-service_socket/3,/home/user/data/RE2/RE2-TT/ts-auth-service_socket/3,ts-auth-service,socket,20.0,28,188,317,11.41
TT,TT/ts-order-service_cpu/1,/home/user/data/RE2/RE2-TT/ts-order-service_cpu/1,ts-order-service,cpu,19.0,28,179,318,11.28
TT,TT/ts-order-service_cpu/2,/home/user/data/RE2/RE2-TT/ts-order-service_cpu/2,ts-order-service,cpu,23.0,28,176,316,11.39
TT,TT/ts-order-service_cpu/3,/home/user/data/RE2/RE2-TT/ts-order-service_cpu/3,ts-order-service,cpu,19.0,28,196,315,10.51
TT,TT/ts-order-service_delay/1,/home/user/data/RE2/RE2-TT/ts-order-service_delay/1,ts-order-service,delay,2.0,28,185,314,11.11
TT,TT/ts-order-service_delay/2,/home/user/data/RE2/RE2-TT/ts-order-service_delay/2,ts-order-service,delay,15.0,22,186,298,10.17
TT,TT/ts-order-service_delay/3,/home/user/data/RE2/RE2-TT/ts-order-service_delay/3,ts-order-service,delay,15.0,22,196,297,10.04
TT,TT/ts-order-service_disk/1,/home/user/data/RE2/RE2-TT/ts-order-service_disk/1,ts-order-service,disk,10.0,28,171,318,11.26
TT,TT/ts-order-service_disk/2,/home/user/data/RE2/RE2-TT/ts-order-service_disk/2,ts-order-service,disk,8.0,22,189,298,9.84
TT,TT/ts-order-service_disk/3,/home/user/data/RE2/RE2-TT/ts-order-service_disk/3,ts-order-service,disk,15.0,22,176,300,10.01
TT,TT/ts-order-service_loss/1,/home/user/data/RE2/RE2-TT/ts-order-service_loss/1,ts-order-service,loss,4.0,28,183,318,10.7
TT,TT/ts-order-service_loss/2,/home/user/data/RE2/RE2-TT/ts-order-service_loss/2,ts-order-service,loss,20.0,22,192,298,9.84
TT,TT/ts-order-service_loss/3,/home/user/data/RE2/RE2-TT/ts-order-service_loss/3,ts-order-service,loss,17.0,22,173,296,9.99
TT,TT/ts-order-service_mem/1,/home/user/data/RE2/RE2-TT/ts-order-service_mem/1,ts-order-service,mem,14.0,28,193,320,10.46
TT,TT/ts-order-service_mem/2,/home/user/data/RE2/RE2-TT/ts-order-service_mem/2,ts-order-service,mem,12.0,28,194,317,11.03
TT,TT/ts-order-service_mem/3,/home/user/data/RE2/RE2-TT/ts-order-service_mem/3,ts-order-service,mem,16.0,28,187,317,10.82
TT,TT/ts-order-service_socket/1,/home/user/data/RE2/RE2-TT/ts-order-service_socket/1,ts-order-service,socket,7.0,28,186,314,10.66
TT,TT/ts-order-service_socket/2,/home/user/data/RE2/RE2-TT/ts-order-service_socket/2,ts-order-service,socket,1.0,22,185,298,10.2
TT,TT/ts-order-service_socket/3,/home/user/data/RE2/RE2-TT/ts-order-service_socket/3,ts-order-service,socket,19.0,28,183,314,11.04
TT,TT/ts-route-service_cpu/1,/home/user/data/RE2/RE2-TT/ts-route-service_cpu/1,ts-route-service,cpu,20.0,28,166,320,11.49
TT,TT/ts-route-service_cpu/2,/home/user/data/RE2/RE2-TT/ts-route-service_cpu/2,ts-route-service,cpu,17.0,22,191,296,10.78
TT,TT/ts-route-service_cpu/3,/home/user/data/RE2/RE2-TT/ts-route-service_cpu/3,ts-route-service,cpu,15.0,22,172,298,10.3
TT,TT/ts-route-service_delay/1,/home/user/data/RE2/RE2-TT/ts-route-service_delay/1,ts-route-service,delay,22.0,28,192,316,10.68
TT,TT/ts-route-service_delay/2,/home/user/data/RE2/RE2-TT/ts-route-service_delay/2,ts-route-service,delay,6.0,28,176,314,10.26
TT,TT/ts-route-service_delay/3,/home/user/data/RE2/RE2-TT/ts-route-service_delay/3,ts-route-service,delay,10.0,28,192,316,11.27
TT,TT/ts-route-service_disk/1,/home/user/data/RE2/RE2-TT/ts-route-service_disk/1,ts-route-service,disk,6.0,28,170,317,10.87
TT,TT/ts-route-service_disk/2,/home/user/data/RE2/RE2-TT/ts-route-service_disk/2,ts-route-service,disk,19.0,28,194,315,10.34
TT,TT/ts-route-service_disk/3,/home/user/data/RE2/RE2-TT/ts-route-service_disk/3,ts-route-service,disk,20.0,28,191,317,11.15
TT,TT/ts-route-service_loss/1,/home/user/data/RE2/RE2-TT/ts-route-service_loss/1,ts-route-service,loss,2.0,28,191,314,10.69
TT,TT/ts-route-service_loss/2,/home/user/data/RE2/RE2-TT/ts-route-service_loss/2,ts-route-service,loss,19.0,28,184,314,11.12
TT,TT/ts-route-service_loss/3,/home/user/data/RE2/RE2-TT/ts-route-service_loss/3,ts-route-service,loss,15.0,28,189,317,11.37
TT,TT/ts-route-service_mem/1,/home/user/data/RE2/RE2-TT/ts-route-service_mem/1,ts-route-service,mem,21.0,28,180,327,11.27
TT,TT/ts-route-service_mem/2,/home/user/data/RE2/RE2-TT/ts-route-service_mem/2,ts-route-service,mem,23.0,28,194,320,11.55
TT,TT/ts-route-service_mem/3,/home/user/data/RE2/RE2-TT/ts-route-service_mem/3,ts-route-service,mem,19.0,28,188,317,10.98
TT,TT/ts-route-service_socket/1,/home/user/data/RE2/RE2-TT/ts-route-service_socket/1,ts-route-service,socket,4.0,28,188,316,11.01
TT,TT/ts-route-service_socket/2,/home/user/data/RE2/RE2-TT/ts-route-service_socket/2,ts-route-service,socket,20.0,28,195,316,10.77
TT,TT/ts-route-service_socket/3,/home/user/data/RE2/RE2-TT/ts-route-service_socket/3,ts-route-service,socket,25.0,28,214,316,10.37
TT,TT/ts-train-service_cpu/1,/home/user/data/RE2/RE2-TT/ts-train-service_cpu/1,ts-train-service,cpu,24.0,28,168,319,11.24
TT,TT/ts-train-service_cpu/2,/home/user/data/RE2/RE2-TT/ts-train-service_cpu/2,ts-train-service,cpu,20.0,28,195,319,11.73
TT,TT/ts-train-service_cpu/3,/home/user/data/RE2/RE2-TT/ts-train-service_cpu/3,ts-train-service,cpu,22.0,28,194,317,11.27
TT,TT/ts-train-service_delay/1,/home/user/data/RE2/RE2-TT/ts-train-service_delay/1,ts-train-service,delay,15.0,28,185,317,10.55
TT,TT/ts-train-service_delay/2,/home/user/data/RE2/RE2-TT/ts-train-service_delay/2,ts-train-service,delay,22.0,28,204,318,11.28
TT,TT/ts-train-service_delay/3,/home/user/data/RE2/RE2-TT/ts-train-service_delay/3,ts-train-service,delay,18.0,27,192,317,10.46
TT,TT/ts-train-service_disk/1,/home/user/data/RE2/RE2-TT/ts-train-service_disk/1,ts-train-service,disk,15.0,28,181,316,10.69
TT,TT/ts-train-service_disk/2,/home/user/data/RE2/RE2-TT/ts-train-service_disk/2,ts-train-service,disk,14.0,28,183,316,10.76
TT,TT/ts-train-service_disk/3,/home/user/data/RE2/RE2-TT/ts-train-service_disk/3,ts-train-service,disk,18.0,28,179,319,11.01
TT,TT/ts-train-service_loss/1,/home/user/data/RE2/RE2-TT/ts-train-service_loss/1,ts-train-service,loss,24.0,28,192,319,10.65
TT,TT/ts-train-service_loss/2,/home/user/data/RE2/RE2-TT/ts-train-service_loss/2,ts-train-service,loss,12.0,28,186,320,11.0
TT,TT/ts-train-service_loss/3,/home/user/data/RE2/RE2-TT/ts-train-service_loss/3,ts-train-service,loss,27.0,28,198,316,10.79
TT,TT/ts-train-service_mem/1,/home/user/data/RE2/RE2-TT/ts-train-service_mem/1,ts-train-service,mem,9.0,28,192,317,10.84
TT,TT/ts-train-service_mem/2,/home/user/data/RE2/RE2-TT/ts-train-service_mem/2,ts-train-service,mem,18.0,28,187,320,10.14
TT,TT/ts-train-service_mem/3,/home/user/data/RE2/RE2-TT/ts-train-service_mem/3,ts-train-service,mem,13.0,28,190,316,10.74
TT,TT/ts-train-service_socket/1,/home/user/data/RE2/RE2-TT/ts-train-service_socket/1,ts-train-service,socket,12.0,28,179,315,10.68
TT,TT/ts-train-service_socket/2,/home/user/data/RE2/RE2-TT/ts-train-service_socket/2,ts-train-service,socket,11.0,28,191,320,11.09
TT,TT/ts-train-service_socket/3,/home/user/data/RE2/RE2-TT/ts-train-service_socket/3,ts-train-service,socket,15.0,28,190,316,10.68
TT,TT/ts-travel-service_cpu/1,/home/user/data/RE2/RE2-TT/ts-travel-service_cpu/1,ts-travel-service,cpu,10.0,28,213,319,10.48
TT,TT/ts-travel-service_cpu/2,/home/user/data/RE2/RE2-TT/ts-travel-service_cpu/2,ts-travel-service,cpu,28.0,28,225,316,10.6
TT,TT/ts-travel-service_cpu/3,/home/user/data/RE2/RE2-TT/ts-travel-service_cpu/3,ts-travel-service,cpu,28.0,28,196,315,10.8
TT,TT/ts-travel-service_delay/1,/home/user/data/RE2/RE2-TT/ts-travel-service_delay/1,ts-travel-service,delay,4.0,28,205,320,11.16
TT,TT/ts-travel-service_delay/2,/home/user/data/RE2/RE2-TT/ts-travel-service_delay/2,ts-travel-service,delay,21.0,28,201,318,11.49
TT,TT/ts-travel-service_delay/3,/home/user/data/RE2/RE2-TT/ts-travel-service_delay/3,ts-travel-service,delay,25.0,28,202,319,11.5
TT,TT/ts-travel-service_disk/1,/home/user/data/RE2/RE2-TT/ts-travel-service_disk/1,ts-travel-service,disk,20.0,28,212,316,11.45
TT,TT/ts-travel-service_disk/2,/home/user/data/RE2/RE2-TT/ts-travel-service_disk/2,ts-travel-service,disk,10.0,28,194,310,10.97
TT,TT/ts-travel-service_disk/3,/home/user/data/RE2/RE2-TT/ts-travel-service_disk/3,ts-travel-service,disk,21.0,28,180,308,11.26
TT,TT/ts-travel-service_loss/1,/home/user/data/RE2/RE2-TT/ts-travel-service_loss/1,ts-travel-service,loss,25.0,28,194,315,11.29
TT,TT/ts-travel-service_loss/2,/home/user/data/RE2/RE2-TT/ts-travel-service_loss/2,ts-travel-service,loss,11.0,28,188,317,11.4
TT,TT/ts-travel-service_loss/3,/home/user/data/RE2/RE2-TT/ts-travel-service_loss/3,ts-travel-service,loss,26.0,28,197,319,12.4
TT,TT/ts-travel-service_mem/1,/home/user/data/RE2/RE2-TT/ts-travel-service_mem/1,ts-travel-service,mem,17.0,28,204,320,11.42
TT,TT/ts-travel-service_mem/2,/home/user/data/RE2/RE2-TT/ts-travel-service_mem/2,ts-travel-service,mem,23.0,28,174,325,11.45
TT,TT/ts-travel-service_mem/3,/home/user/data/RE2/RE2-TT/ts-travel-service_mem/3,ts-travel-service,mem,11.0,28,204,317,10.83
TT,TT/ts-travel-service_socket/1,/home/user/data/RE2/RE2-TT/ts-travel-service_socket/1,ts-travel-service,socket,9.0,28,172,307,10.91
TT,TT/ts-travel-service_socket/2,/home/user/data/RE2/RE2-TT/ts-travel-service_socket/2,ts-travel-service,socket,23.0,28,191,319,10.96
TT,TT/ts-travel-service_socket/3,/home/user/data/RE2/RE2-TT/ts-travel-service_socket/3,ts-travel-service,socket,24.0,28,206,317,11.33
