case_dir,system,fault_dir,run,rc_service,fault_type,files,inject_time,has_traces,traces_bytes,n_spans,n_services_traced,services_traced,trace_t0,trace_t1,inject_in_window,n_nodes,n_edges,acyclic,shared,rc_in_graph,orphan_parent_frac,has_simple_metrics,n_latency_cols,metric_services,sm_rows,sm_t0,sm_t1
/home/user/data/RE2/RE2-OB/checkoutservice_cpu/1,RE2-OB,checkoutservice_cpu,1,checkoutservice,cpu,cluster_info.json|inject_time.txt|logs.csv|logts.csv|metrics.csv|metrics_postprocess.log|pod-node-1.csv|pod-node-2.csv|simple_metrics.csv|traces.csv|tracets_err.csv|tracets_lat.csv,1705354566,True,71632229,391997,7,checkoutservice|currencyservice|emailservice|frontendservice|paymentservice|productcatalogservice|recommendationservice,1705353846,1705355285,True,7,9,True,currencyservice|productcatalogservice,True,1.9020240252806166e-05,True,10.0,adservice|cartservice|checkoutservice|currencyservice|emailservice|frontend|paymentservice|productcatalogservice|recommendationservice|shippingservice,1441.0,1705353846.0,1705355286.0
/home/user/data/RE2/RE2-OB/checkoutservice_cpu/2,RE2-OB,checkoutservice_cpu,2,checkoutservice,cpu,cluster_info.json|inject_time.txt|logs.csv|logts.csv|metrics.csv|metrics_postprocess.log|pod-node-1.csv|pod-node-2.csv|simple_metrics.csv|traces.csv|tracets_err.csv|tracets_lat.csv,1708475361,True,36547839,199960,7,checkoutservice|currencyservice|emailservice|frontendservice|paymentservice|productcatalogservice|recommendationservice,1708474641,1708475399,True,7,9,True,currencyservice|productcatalogservice,True,0.0012568500993231117,True,10.0,adservice|cartservice|checkoutservice|currencyservice|emailservice|frontend|paymentservice|productcatalogservice|recommendationservice|shippingservice,1186.0,1708474641.0,1708475570.0
/home/user/data/RE2/RE2-OB/checkoutservice_cpu/3,RE2-OB,checkoutservice_cpu,3,checkoutservice,cpu,cluster_info.json|inject_time.txt|logs.csv|logts.csv|metrics.csv|metrics_postprocess.log|pod-node-1.csv|pod-node-2.csv|simple_metrics.csv|traces.csv|tracets_err.csv|tracets_lat.csv,1705623539,True,74594729,408211,7,checkoutservice|currencyservice|emailservice|frontendservice|paymentservice|productcatalogservice|recommendationservice,1705622819,1705624258,True,7,9,True,currencyservice|productcatalogservice,True,0.0,True,10.0,adservice|cartservice|checkoutservice|currencyservice|emailservice|frontend|paymentservice|productcatalogservice|recommendationservice|shippingservice,1441.0,1705622819.0,1705624259.0
/home/user/data/RE2/RE2-OB/checkoutservice_cpu/multi-source-data,RE2-OB,checkoutservice_cpu,multi-source-data,checkoutservice,cpu,.DS_Store|cluster_info.json|inject_time.txt|logs.csv|logts.csv|metrics.csv|traces.csv|tracets_err.csv|tracets_lat.csv,1705354566,True,71632229,391997,7,checkoutservice|currencyservice|emailservice|frontendservice|paymentservice|productcatalogservice|recommendationservice,1705353846,1705355285,True,7,9,True,currencyservice|productcatalogservice,True,1.9020240252806166e-05,False,,,,,
/home/user/data/RE2/RE2-OB/checkoutservice_delay/1,RE2-OB,checkoutservice_delay,1,checkoutservice,delay,cluster_info.json|inject_time.txt|logs.csv|logts.csv|metrics.csv|metrics_postprocess.log|pod-node-1.csv|pod-node-2.csv|simple_metrics.csv|traces.csv|tracets_err.csv|tracets_lat.csv,1705666511,True,74050509,405229,7,checkoutservice|currencyservice|emailservice|frontendservice|paymentservice|productcatalogservice|recommendationservice,1705665791,1705667231,True,7,9,True,currencyservice|productcatalogservice,True,2.36581243313294e-05,True,10.0,adservice|cartservice|checkoutservice|currencyservice|emailservice|frontend|paymentservice|productcatalogservice|recommendationservice|shippingservice,1441.0,1705665791.0,1705667231.0
/home/user/data/RE2/RE2-OB/checkoutservice_delay/2,RE2-OB,checkoutservice_delay,2,checkoutservice,delay,cluster_info.json|inject_time.txt|logs.csv|logts.csv|metrics.csv|metrics_postprocess.log|pod-node-1.csv|pod-node-2.csv|simple_metrics.csv|traces.csv|tracets_err.csv|tracets_lat.csv,1705668921,True,73535767,402454,7,checkoutservice|currencyservice|emailservice|frontendservice|paymentservice|productcatalogservice|recommendationservice,1705668201,1705669640,True,7,9,True,currencyservice|productcatalogservice,True,5.289088346287192e-06,True,10.0,adservice|cartservice|checkoutservice|currencyservice|emailservice|frontend|paymentservice|productcatalogservice|recommendationservice|shippingservice,1441.0,1705668201.0,1705669641.0
/home/user/data/RE2/RE2-OB/checkoutservice_delay/3,RE2-OB,checkoutservice_delay,3,checkoutservice,delay,cluster_info.json|inject_time.txt|logs.csv|logts.csv|metrics.csv|metrics_postprocess.log|pod-node-1.csv|pod-node-2.csv|simple_metrics.csv|traces.csv|tracets_err.csv|tracets_lat.csv,1705671342,True,73979768,404907,7,checkoutservice|currencyservice|emailservice|frontendservice|paymentservice|productcatalogservice|recommendationservice,1705670622,1705672062,True,7,9,True,currencyservice|productcatalogservice,True,0.0,True,10.0,adservice|cartservice|checkoutservice|currencyservice|emailservice|frontend|paymentservice|productcatalogservice|recommendationservice|shippingservice,1441.0,1705670622.0,1705672062.0
/home/user/data/RE2/RE2-OB/checkoutservice_disk/1,RE2-OB,checkoutservice_disk,1,checkoutservice,disk,cluster_info.json|inject_time.txt|logs.csv|logts.csv|metrics.csv|metrics_postprocess.log|pod-node-1.csv|pod-node-2.csv|simple_metrics.csv|traces.csv|tracets_err.csv|tracets_lat.csv,1705373910,True,71462981,391053,7,checkoutservice|currencyservice|emailservice|frontendservice|paymentservice|productcatalogservice|recommendationservice,1705373190,1705374629,True,7,9,True,currencyservice|productcatalogservice,True,6.263821257775308e-05,True,10.0,adservice|cartservice|checkoutservice|currencyservice|emailservice|frontend|paymentservice|productcatalogservice|recommendationservice|shippingservice,1441.0,1705373190.0,1705374630.0
/home/user/data/RE2/RE2-OB/checkoutservice_disk/2,RE2-OB,checkoutservice_disk,2,checkoutservice,disk,cluster_info.json|inject_time.txt|logs.csv|logts.csv|metrics.csv|metrics_postprocess.log|pod-node-1.csv|pod-node-2.csv|simple_metrics.csv|traces.csv|tracets_err.csv|tracets_lat.csv,1705765528,True,74451729,407608,7,checkoutservice|currencyservice|emailservice|frontendservice|paymentservice|productcatalogservice|recommendationservice,1705764808,1705766247,True,7,9,True,currencyservice|productcatalogservice,True,0.0,True,10.0,adservice|cartservice|checkoutservice|currencyservice|emailservice|frontend|paymentservice|productcatalogservice|recommendationservice|shippingservice,1441.0,1705764808.0,1705766248.0
/home/user/data/RE2/RE2-OB/checkoutservice_disk/3,RE2-OB,checkoutservice_disk,3,checkoutservice,disk,cluster_info.json|inject_time.txt|logs.csv|logts.csv|metrics.csv|metrics_postprocess.log|pod-node-1.csv|pod-node-2.csv|simple_metrics.csv|traces.csv|tracets_err.csv|tracets_lat.csv,1705767825,True,74962770,410342,7,checkoutservice|currencyservice|emailservice|frontendservice|paymentservice|productcatalogservice|recommendationservice,1705767105,1705768545,True,7,9,True,currencyservice|productcatalogservice,True,1.556480796918168e-05,True,10.0,adservice|cartservice|checkoutservice|currencyservice|emailservice|frontend|paymentservice|productcatalogservice|recommendationservice|shippingservice,1441.0,1705767105.0,1705768545.0
/home/user/data/RE2/RE2-OB/checkoutservice_loss/1,RE2-OB,checkoutservice_loss,1,checkoutservice,loss,cluster_info.json|inject_time.txt|logs.csv|logts.csv|metrics.csv|metrics_postprocess.log|pod-node-1.csv|pod-node-2.csv|simple_metrics.csv|traces.csv|tracets_err.csv|tracets_lat.csv,1705376266,True,70507878,385793,7,checkoutservice|currencyservice|emailservice|frontendservice|paymentservice|productcatalogservice|recommendationservice,1705375546,1705376985,True,7,9,True,currencyservice|productcatalogservice,True,0.00024010266458761678,True,10.0,adservice|cartservice|checkoutservice|currencyservice|emailservice|frontend|paymentservice|productcatalogservice|recommendationservice|shippingservice,1441.0,1705375546.0,1705376986.0
/home/user/data/RE2/RE2-OB/checkoutservice_loss/2,RE2-OB,checkoutservice_loss,2,checkoutservice,loss,cluster_info.json|inject_time.txt|logs.csv|logts.csv|metrics.csv|metrics_postprocess.log|pod-node-1.csv|pod-node-2.csv|simple_metrics.csv|traces.csv|tracets_err.csv|tracets_lat.csv,1705673762,True,74202523,406092,7,checkoutservice|currencyservice|emailservice|frontendservice|paymentservice|productcatalogservice|recommendationservice,1705673042,1705674481,True,7,9,True,currencyservice|productcatalogservice,True,1.0483938606055523e-05,True,10.0,adservice|cartservice|checkoutservice|currencyservice|emailservice|frontend|paymentservice|productcatalogservice|recommendationservice|shippingservice,1441.0,1705673042.0,1705674482.0
/home/user/data/RE2/RE2-OB/checkoutservice_loss/3,RE2-OB,checkoutservice_loss,3,checkoutservice,loss,cluster_info.json|inject_time.txt|logs.csv|logts.csv|metrics.csv|metrics_postprocess.log|pod-node-1.csv|pod-node-2.csv|simple_metrics.csv|traces.csv|tracets_err.csv|tracets_lat.csv,1708489141,True,73551307,402659,7,checkoutservice|currencyservice|emailservice|frontendservice|paymentservice|productcatalogservice|recommendationservice,1708488421,1708489860,True,7,9,True,currencyservice|productcatalogservice,True,5.288235263010381e-05,True,10.0,adservice|cartservice|checkoutservice|currencyservice|emailservice|frontend|paymentservice|productcatalogservice|recommendationservice|shippingservice,1441.0,1708488421.0,1708489861.0
/home/user/data/RE2/RE2-OB/checkoutservice_mem/1,RE2-OB,checkoutservice_mem,1,checkoutservice,mem,cluster_info.json|inject_time.txt|logs.csv|logts.csv|metrics.csv|metrics_postprocess.log|pod-node-1.csv|pod-node-2.csv|simple_metrics.csv|traces.csv|tracets_err.csv|tracets_lat.csv,1705462070,True,74180251,405917,7,checkoutservice|currencyservice|emailservice|frontendservice|paymentservice|productcatalogservice|recommendationservice,1705461350,1705462789,True,7,9,True,currencyservice|productcatalogservice,True,0.00010232192050373869,True,10.0,adservice|cartservice|checkoutservice|currencyservice|emailservice|frontend|paymentservice|productcatalogservice|recommendationservice|shippingservice,1441.0,1705461350.0,1705462790.0
/home/user/data/RE2/RE2-OB/checkoutservice_mem/2,RE2-OB,checkoutservice_mem,2,checkoutservice,mem,cluster_info.json|inject_time.txt|logs.csv|logts.csv|metrics.csv|metrics_postprocess.log|pod-node-1.csv|pod-node-2.csv|simple_metrics.csv|traces.csv|tracets_err.csv|tracets_lat.csv,1705626077,True,59766022,327148,7,checkoutservice|currencyservice|emailservice|frontendservice|paymentservice|productcatalogservice|recommendationservice,1705625357,1705626508,True,7,9,True,currencyservice|productcatalogservice,True,0.0004297028864965868,True,10.0,adservice|cartservice|checkoutservice|currencyservice|emailservice|frontend|paymentservice|productcatalogservice|recommendationservice|shippingservice,1262.0,1705625357.0,1705626360.0
/home/user/data/RE2/RE2-OB/checkoutservice_mem/3,RE2-OB,checkoutservice_mem,3,checkoutservice,mem,cluster_info.json|inject_time.txt|logs.csv|logts.csv|metrics.csv|metrics_postprocess.log|pod-node-1.csv|pod-node-2.csv|simple_metrics.csv|traces.csv|tracets_err.csv|tracets_lat.csv,1705627856,True,74582606,408171,7,checkoutservice|currencyservice|emailservice|frontendservice|paymentservice|productcatalogservice|recommendationservice,1705627136,1705628576,True,7,9,True,currencyservice|productcatalogservice,True,0.0,True,10.0,adservice|cartservice|checkoutservice|currencyservice|emailservice|frontend|paymentservice|productcatalogservice|recommendationservice|shippingservice,1441.0,1705627136.0,1705628576.0
/home/user/data/RE2/RE2-OB/checkoutservice_socket/1,RE2-OB,checkoutservice_socket,1,checkoutservice,socket,cluster_info.json|inject_time.txt|logs.csv|logts.csv|metrics.csv|metrics_postprocess.log|pod-node-1.csv|pod-node-2.csv|simple_metrics.csv|traces.csv|tracets_err.csv|tracets_lat.csv,1705656313,True,73855091,404289,7,checkoutservice|currencyservice|emailservice|frontendservice|paymentservice|productcatalogservice|recommendationservice,1705655593,1705657032,True,7,9,True,currencyservice|productcatalogservice,True,1.0536075522589346e-05,True,10.0,adservice|cartservice|checkoutservice|currencyservice|emailservice|frontend|paymentservice|productcatalogservice|recommendationservice|shippingservice,1441.0,1705655593.0,1705657033.0
/home/user/data/RE2/RE2-OB/checkoutservice_socket/2,RE2-OB,checkoutservice_socket,2,checkoutservice,socket,cluster_info.json|inject_time.txt|logs.csv|logts.csv|metrics.csv|metrics_postprocess.log|pod-node-1.csv|pod-node-2.csv|simple_metrics.csv|traces.csv|tracets_err.csv|tracets_lat.csv,1705660355,True,73946903,404599,7,checkoutservice|currencyservice|emailservice|frontendservice|paymentservice|productcatalogservice|recommendationservice,1705659635,1705661074,True,7,9,True,currencyservice|productcatalogservice,True,0.0,True,10.0,adservice|cartservice|checkoutservice|currencyservice|emailservice|frontend|paymentservice|productcatalogservice|recommendationservice|shippingservice,1441.0,1705659635.0,1705661075.0
/home/user/data/RE2/RE2-OB/checkoutservice_socket/3,RE2-OB,checkoutservice_socket,3,checkoutservice,socket,cluster_info.json|inject_time.txt|logs.csv|logts.csv|metrics.csv|metrics_postprocess.log|pod-node-1.csv|pod-node-2.csv|simple_metrics.csv|traces.csv|tracets_err.csv|tracets_lat.csv,1705664091,True,74608170,408384,7,checkoutservice|currencyservice|emailservice|frontendservice|paymentservice|productcatalogservice|recommendationservice,1705663371,1705664810,True,7,9,True,currencyservice|productcatalogservice,True,0.0,True,10.0,adservice|cartservice|checkoutservice|currencyservice|emailservice|frontend|paymentservice|productcatalogservice|recommendationservice|shippingservice,1441.0,1705663371.0,1705664811.0
/home/user/data/RE2/RE2-OB/currencyservice_cpu/1,RE2-OB,currencyservice_cpu,1,currencyservice,cpu,cluster_info.json|inject_time.txt|logs.csv|logts.csv|metrics.csv|metrics_postprocess.log|pod-node-1.csv|pod-node-2.csv|simple_metrics.csv|traces.csv|tracets_err.csv|tracets_lat.csv,1705682817,True,73388958,401542,7,checkoutservice|currencyservice|emailservice|frontendservice|paymentservice|productcatalogservice|recommendationservice,1705682097,1705683536,True,7,9,True,currencyservice|productcatalogservice,True,0.0,True,10.0,adservice|cartservice|checkoutservice|currencyservice|emailservice|frontend|paymentservice|productcatalogservice|recommendationservice|shippingservice,1441.0,1705682097.0,1705683537.0
/home/user/data/RE2/RE2-OB/currencyservice_cpu/2,RE2-OB,currencyservice_cpu,2,currencyservice,cpu,cluster_info.json|inject_time.txt|logs.csv|logts.csv|metrics.csv|metrics_postprocess.log|pod-node-1.csv|pod-node-2.csv|simple_metrics.csv|traces.csv|tracets_err.csv|tracets_lat.csv,1705685216,True,73264458,401017,7,checkoutservice|currencyservice|emailservice|frontendservice|paymentservice|productcatalogservice|recommendationservice,1705684496,1705685936,True,7,9,True,currencyservice|productcatalogservice,True,0.0,True,10.0,adservice|cartservice|checkoutservice|currencyservice|emailservice|frontend|paymentservice|productcatalogservice|recommendationservice|shippingservice,1441.0,1705684496.0,1705685936.0
/home/user/data/RE2/RE2-OB/currencyservice_cpu/3,RE2-OB,currencyservice_cpu,3,currencyservice,cpu,cluster_info.json|inject_time.txt|logs.csv|logts.csv|metrics.csv|metrics_postprocess.log|pod-node-1.csv|pod-node-2.csv|simple_metrics.csv|traces.csv|tracets_err.csv|tracets_lat.csv,1705687618,True,73799339,403800,7,checkoutservice|currencyservice|emailservice|frontendservice|paymentservice|productcatalogservice|recommendationservice,1705686898,1705688337,True,7,9,True,currencyservice|productcatalogservice,True,7.911016882110026e-06,True,10.0,adservice|cartservice|checkoutservice|currencyservice|emailservice|frontend|paymentservice|productcatalogservice|recommendationservice|shippingservice,1441.0,1705686898.0,1705688338.0
/home/user/data/RE2/RE2-OB/currencyservice_delay/1,RE2-OB,currencyservice_delay,1,currencyservice,delay,cluster_info.json|inject_time.txt|logs.csv|logts.csv|metrics.csv|metrics_postprocess.log|pod-node-1.csv|pod-node-2.csv|simple_metrics.csv|traces.csv|tracets_err.csv|tracets_lat.csv,1705702012,True,70123628,383583,7,checkoutservice|currencyservice|emailservice|frontendservice|paymentservice|productcatalogservice|recommendationservice,1705701292,1705702731,True,7,9,True,currencyservice|productcatalogservice,True,0.0,True,10.0,adservice|cartservice|checkoutservice|currencyservice|emailservice|frontend|paymentservice|productcatalogservice|recommendationservice|shippingservice,1441.0,1705701292.0,1705702732.0
/home/user/data/RE2/RE2-OB/currencyservice_delay/2,RE2-OB,currencyservice_delay,2,currencyservice,delay,cluster_info.json|inject_time.txt|logs.csv|logts.csv|metrics.csv|metrics_postprocess.log|pod-node-1.csv|pod-node-2.csv|simple_metrics.csv|traces.csv|tracets_err.csv|tracets_lat.csv,1705704343,True,70520200,385915,7,checkoutservice|currencyservice|emailservice|frontendservice|paymentservice|productcatalogservice|recommendationservice,1705703623,1705705062,True,7,9,True,currencyservice|productcatalogservice,True,0.0,True,10.0,adservice|cartservice|checkoutservice|currencyservice|emailservice|frontend|paymentservice|productcatalogservice|recommendationservice|shippingservice,1441.0,1705703623.0,1705705063.0
/home/user/data/RE2/RE2-OB/currencyservice_delay/3,RE2-OB,currencyservice_delay,3,currencyservice,delay,cluster_info.json|inject_time.txt|logs.csv|logts.csv|metrics.csv|metrics_postprocess.log|pod-node-1.csv|pod-node-2.csv|simple_metrics.csv|traces.csv|tracets_err.csv|tracets_lat.csv,1705706604,True,69288233,379232,7,checkoutservice|currencyservice|emailservice|frontendservice|paymentservice|productcatalogservice|recommendationservice,1705705884,1705707324,True,7,9,True,currencyservice|productcatalogservice,True,0.0,True,10.0,adservice|cartservice|checkoutservice|currencyservice|emailservice|frontend|paymentservice|productcatalogservice|recommendationservice|shippingservice,1441.0,1705705884.0,1705707324.0
/home/user/data/RE2/RE2-OB/currencyservice_disk/1,RE2-OB,currencyservice_disk,1,currencyservice,disk,cluster_info.json|inject_time.txt|logs.csv|logts.csv|metrics.csv|metrics_postprocess.log|pod-node-1.csv|pod-node-2.csv|simple_metrics.csv|traces.csv|tracets_err.csv|tracets_lat.csv,1705386669,True,66046489,361288,7,checkoutservice|currencyservice|emailservice|frontendservice|paymentservice|productcatalogservice|recommendationservice,1705385949,1705387388,True,7,9,True,currencyservice|productcatalogservice,True,0.0,True,10.0,adservice|cartservice|checkoutservice|currencyservice|emailservice|frontend|paymentservice|productcatalogservice|recommendationservice|shippingservice,1441.0,1705385949.0,1705387389.0
/home/user/data/RE2/RE2-OB/currencyservice_disk/2,RE2-OB,currencyservice_disk,2,currencyservice,disk,cluster_info.json|inject_time.txt|logs.csv|logts.csv|metrics.csv|metrics_postprocess.log|pod-node-1.csv|pod-node-2.csv|simple_metrics.csv|traces.csv|tracets_err.csv|tracets_lat.csv,1705692434,True,72400661,396097,7,checkoutservice|currencyservice|emailservice|frontendservice|paymentservice|productcatalogservice|recommendationservice,1705691714,1705693154,True,7,9,True,currencyservice|productcatalogservice,True,5.915441453262635e-05,True,10.0,adservice|cartservice|checkoutservice|currencyservice|emailservice|frontend|paymentservice|productcatalogservice|recommendationservice|shippingservice,1441.0,1705691714.0,1705693154.0
/home/user/data/RE2/RE2-OB/currencyservice_disk/3,RE2-OB,currencyservice_disk,3,currencyservice,disk,cluster_info.json|inject_time.txt|logs.csv|logts.csv|metrics.csv|metrics_postprocess.log|pod-node-1.csv|pod-node-2.csv|simple_metrics.csv|traces.csv|tracets_err.csv|tracets_lat.csv,1705694833,True,73718434,403324,7,checkoutservice|currencyservice|emailservice|frontendservice|paymentservice|productcatalogservice|recommendationservice,1705694113,1705695552,True,7,9,True,currencyservice|productcatalogservice,True,2.1119045419147056e-05,True,10.0,adservice|cartservice|checkoutservice|currencyservice|emailservice|frontend|paymentservice|productcatalogservice|recommendationservice|shippingservice,1441.0,1705694113.0,1705695553.0
/home/user/data/RE2/RE2-OB/currencyservice_loss/1,RE2-OB,currencyservice_loss,1,currencyservice,loss,cluster_info.json|inject_time.txt|logs.csv|logts.csv|metrics.csv|metrics_postprocess.log|pod-node-1.csv|pod-node-2.csv|simple_metrics.csv|traces.csv|tracets_err.csv|tracets_lat.csv,1705388941,True,52172256,286200,7,checkoutservice|currencyservice|emailservice|frontendservice|paymentservice|productcatalogservice|recommendationservice,1705388221,1705389660,True,7,9,True,currencyservice|productcatalogservice,True,8.659540743139196e-05,True,10.0,adservice|cartservice|checkoutservice|currencyservice|emailservice|frontend|paymentservice|productcatalogservice|recommendationservice|shippingservice,1441.0,1705388221.0,1705389661.0
/home/user/data/RE2/RE2-OB/currencyservice_loss/2,RE2-OB,currencyservice_loss,2,currencyservice,loss,cluster_info.json|inject_time.txt|logs.csv|logts.csv|metrics.csv|metrics_postprocess.log|pod-node-1.csv|pod-node-2.csv|simple_metrics.csv|traces.csv|tracets_err.csv|tracets_lat.csv,1705708871,True,66728349,365309,7,checkoutservice|currencyservice|emailservice|frontendservice|paymentservice|productcatalogservice|recommendationservice,1705708151,1705709590,True,7,9,True,currencyservice|productcatalogservice,True,1.1668032798840198e-05,True,10.0,adservice|cartservice|checkoutservice|currencyservice|emailservice|frontend|paymentservice|productcatalogservice|recommendationservice|shippingservice,1441.0,1705708151.0,1705709591.0
/home/user/data/RE2/RE2-OB/currencyservice_loss/3,RE2-OB,currencyservice_loss,3,currencyservice,loss,cluster_info.json|inject_time.txt|logs.csv|logts.csv|metrics.csv|metrics_postprocess.log|pod-node-1.csv|pod-node-2.csv|simple_metrics.csv|traces.csv|tracets_err.csv|tracets_lat.csv,1705711158,True,64755796,354303,7,checkoutservice|currencyservice|emailservice|frontendservice|paymentservice|productcatalogservice|recommendationservice,1705710438,1705711877,True,7,9,True,currencyservice|productcatalogservice,True,0.0,True,10.0,adservice|cartservice|checkoutservice|currencyservice|emailservice|frontend|paymentservice|productcatalogservice|recommendationservice|shippingservice,1441.0,1705710438.0,1705711878.0
/home/user/data/RE2/RE2-OB/currencyservice_mem/1,RE2-OB,currencyservice_mem,1,currencyservice,mem,cluster_info.json|inject_time.txt|logs.csv|logts.csv|metrics.csv|metrics_postprocess.log|pod-node-1.csv|pod-node-2.csv|simple_metrics.csv|traces.csv|tracets_err.csv|tracets_lat.csv,1705464519,True,69289671,379084,7,checkoutservice|currencyservice|emailservice|frontendservice|paymentservice|productcatalogservice|recommendationservice,1705463799,1705465238,True,7,9,True,currencyservice|productcatalogservice,True,0.0,True,10.0,adservice|cartservice|checkoutservice|currencyservice|emailservice|frontend|paymentservice|productcatalogservice|recommendationservice|shippingservice,1441.0,1705463799.0,1705465239.0
/home/user/data/RE2/RE2-OB/currencyservice_mem/2,RE2-OB,currencyservice_mem,2,currencyservice,mem,cluster_info.json|inject_time.txt|logs.csv|logts.csv|metrics.csv|metrics_postprocess.log|pod-node-1.csv|pod-node-2.csv|simple_metrics.csv|traces.csv|tracets_err.csv|tracets_lat.csv,1705749889,True,70752566,387124,7,checkoutservice|currencyservice|emailservice|frontendservice|paymentservice|productcatalogservice|recommendationservice,1705749169,1705750608,True,7,9,True,currencyservice|productcatalogservice,True,0.0,True,10.0,adservice|cartservice|checkoutservice|currencyservice|emailservice|frontend|paymentservice|productcatalogservice|recommendationservice|shippingservice,1441.0,1705749169.0,1705750609.0
/home/user/data/RE2/RE2-OB/currencyservice_mem/3,RE2-OB,currencyservice_mem,3,currencyservice,mem,cluster_info.json|inject_time.txt|logs.csv|logts.csv|metrics.csv|metrics_postprocess.log|pod-node-1.csv|pod-node-2.csv|simple_metrics.csv|traces.csv|tracets_err.csv|tracets_lat.csv,1705690057,True,70370974,385054,7,checkoutservice|currencyservice|emailservice|frontendservice|paymentservice|productcatalogservice|recommendationservice,1705689337,1705690776,True,7,9,True,currencyservice|productcatalogservice,True,6.362783800905728e-05,True,10.0,adservice|cartservice|checkoutservice|currencyservice|emailservice|frontend|paymentservice|productcatalogservice|recommendationservice|shippingservice,1441.0,1705689337.0,1705690777.0
/home/user/data/RE2/RE2-OB/currencyservice_socket/1,RE2-OB,currencyservice_socket,1,currencyservice,socket,cluster_info.json|inject_time.txt|logs.csv|logts.csv|metrics.csv|metrics_postprocess.log|pod-node-1.csv|pod-node-2.csv|simple_metrics.csv|traces.csv|tracets_err.csv|tracets_lat.csv,1705479661,True,74266150,406431,7,checkoutservice|currencyservice|emailservice|frontendservice|paymentservice|productcatalogservice|recommendationservice,1705478941,1705480381,True,7,9,True,currencyservice|productcatalogservice,True,1.8339442114170887e-05,True,10.0,adservice|cartservice|checkoutservice|currencyservice|emailservice|frontend|paymentservice|productcatalogservice|recommendationservice|shippingservice,1441.0,1705478941.0,1705480381.0
/home/user/data/RE2/RE2-OB/currencyservice_socket/2,RE2-OB,currencyservice_socket,2,currencyservice,socket,cluster_info.json|inject_time.txt|logs.csv|logts.csv|metrics.csv|metrics_postprocess.log|pod-node-1.csv|pod-node-2.csv|simple_metrics.csv|traces.csv|tracets_err.csv|tracets_lat.csv,1705697241,True,73087672,399964,7,checkoutservice|currencyservice|emailservice|frontendservice|paymentservice|productcatalogservice|recommendationservice,1705696521,1705697960,True,7,9,True,currencyservice|productcatalogservice,True,0.0,True,10.0,adservice|cartservice|checkoutservice|currencyservice|emailservice|frontend|paymentservice|productcatalogservice|recommendationservice|shippingservice,1441.0,1705696521.0,1705697961.0
/home/user/data/RE2/RE2-OB/currencyservice_socket/3,RE2-OB,currencyservice_socket,3,currencyservice,socket,cluster_info.json|inject_time.txt|logs.csv|logts.csv|metrics.csv|metrics_postprocess.log|pod-node-1.csv|pod-node-2.csv|simple_metrics.csv|traces.csv|tracets_err.csv|tracets_lat.csv,1705699619,True,72796826,398334,7,checkoutservice|currencyservice|emailservice|frontendservice|paymentservice|productcatalogservice|recommendationservice,1705698899,1705700339,True,7,9,True,currencyservice|productcatalogservice,True,4.5449806036268944e-05,True,10.0,adservice|cartservice|checkoutservice|currencyservice|emailservice|frontend|paymentservice|productcatalogservice|recommendationservice|shippingservice,1441.0,1705698899.0,1705700339.0
/home/user/data/RE2/RE2-OB/emailservice_cpu/1,RE2-OB,emailservice_cpu,1,emailservice,cpu,cluster_info.json|inject_time.txt|logs.csv|logts.csv|metrics.csv|metrics_postprocess.log|pod-node-1.csv|pod-node-2.csv|simple_metrics.csv|traces.csv|tracets_err.csv|tracets_lat.csv,1705350165,True,71713904,392420,7,checkoutservice|currencyservice|emailservice|frontendservice|paymentservice|productcatalogservice|recommendationservice,1705349445,1705350885,True,7,9,True,currencyservice|productcatalogservice,True,0.0,True,10.0,adservice|cartservice|checkoutservice|currencyservice|emailservice|frontend|paymentservice|productcatalogservice|recommendationservice|shippingservice,1441.0,1705349445.0,1705350885.0
/home/user/data/RE2/RE2-OB/emailservice_cpu/2,RE2-OB,emailservice_cpu,2,emailservice,cpu,cluster_info.json|inject_time.txt|logs.csv|logts.csv|metrics.csv|metrics_postprocess.log|pod-node-1.csv|pod-node-2.csv|simple_metrics.csv|traces.csv|tracets_err.csv|tracets_lat.csv,1705592998,True,74931944,410139,7,checkoutservice|currencyservice|emailservice|frontendservice|paymentservice|productcatalogservice|recommendationservice,1705592278,1705593717,True,7,9,True,currencyservice|productcatalogservice,True,5.193941786300459e-06,True,10.0,adservice|cartservice|checkoutservice|currencyservice|emailservice|frontend|paymentservice|productcatalogservice|recommendationservice|shippingservice,1441.0,1705592278.0,1705593718.0
/home/user/data/RE2/RE2-OB/emailservice_cpu/3,RE2-OB,emailservice_cpu,3,emailservice,cpu,cluster_info.json|inject_time.txt|logs.csv|logts.csv|metrics.csv|metrics_postprocess.log|pod-node-1.csv|pod-node-2.csv|simple_metrics.csv|traces.csv|tracets_err.csv|tracets_lat.csv,1705595469,True,75404122,412741,7,checkoutservice|currencyservice|emailservice|frontendservice|paymentservice|productcatalogservice|recommendationservice,1705594749,1705596188,True,7,9,True,currencyservice|productcatalogservice,True,7.22083106607834e-05,True,10.0,adservice|cartservice|checkoutservice|currencyservice|emailservice|frontend|paymentservice|productcatalogservice|recommendationservice|shippingservice,1441.0,1705594749.0,1705596189.0
/home/user/data/RE2/RE2-OB/emailservice_delay/1,RE2-OB,emailservice_delay,1,emailservice,delay,cluster_info.json|inject_time.txt|logs.csv|logts.csv|metrics.csv|metrics_postprocess.log|pod-node-1.csv|pod-node-2.csv|simple_metrics.csv|traces.csv|tracets_err.csv|tracets_lat.csv,1705733346,True,74202625,406121,7,checkoutservice|currencyservice|emailservice|frontendservice|paymentservice|productcatalogservice|recommendationservice,1705732626,1705734065,True,7,9,True,currencyservice|productcatalogservice,True,7.864541143346992e-06,True,10.0,adservice|cartservice|checkoutservice|currencyservice|emailservice|frontend|paymentservice|productcatalogservice|recommendationservice|shippingservice,1441.0,1705732626.0,1705734066.0
/home/user/data/RE2/RE2-OB/emailservice_delay/2,RE2-OB,emailservice_delay,2,emailservice,delay,cluster_info.json|inject_time.txt|logs.csv|logts.csv|metrics.csv|metrics_postprocess.log|pod-node-1.csv|pod-node-2.csv|simple_metrics.csv|traces.csv|tracets_err.csv|tracets_lat.csv,1705735702,True,74175433,406019,7,checkoutservice|currencyservice|emailservice|frontendservice|paymentservice|productcatalogservice|recommendationservice,1705734982,1705736422,True,7,9,True,currencyservice|productcatalogservice,True,3.147029204431017e-05,True,10.0,adservice|cartservice|checkoutservice|currencyservice|emailservice|frontend|paymentservice|productcatalogservice|recommendationservice|shippingservice,1441.0,1705734982.0,1705736422.0
/home/user/data/RE2/RE2-OB/emailservice_delay/3,RE2-OB,emailservice_delay,3,emailservice,delay,cluster_info.json|inject_time.txt|logs.csv|logts.csv|metrics.csv|metrics_postprocess.log|pod-node-1.csv|pod-node-2.csv|simple_metrics.csv|traces.csv|tracets_err.csv|tracets_lat.csv,1705738059,True,74424979,407306,7,checkoutservice|currencyservice|emailservice|frontendservice|paymentservice|productcatalogservice|recommendationservice,1705737339,1705738778,True,7,9,True,currencyservice|productcatalogservice,True,0.0,True,10.0,adservice|cartservice|checkoutservice|currencyservice|emailservice|frontend|paymentservice|productcatalogservice|recommendationservice|shippingservice,1441.0,1705737339.0,1705738779.0
/home/user/data/RE2/RE2-OB/emailservice_disk/1,RE2-OB,emailservice_disk,1,emailservice,disk,cluster_info.json|inject_time.txt|logs.csv|logts.csv|metrics.csv|metrics_postprocess.log|pod-node-1.csv|pod-node-2.csv|simple_metrics.csv|traces.csv|tracets_err.csv|tracets_lat.csv,1705370095,True,70719745,387034,7,checkoutservice|currencyservice|emailservice|frontendservice|paymentservice|productcatalogservice|recommendationservice,1705369375,1705370814,True,7,9,True,currencyservice|productcatalogservice,True,2.7510240687095772e-05,True,10.0,adservice|cartservice|checkoutservice|currencyservice|emailservice|frontend|paymentservice|productcatalogservice|recommendationservice|shippingservice,1441.0,1705369375.0,1705370815.0
/home/user/data/RE2/RE2-OB/emailservice_disk/2,RE2-OB,emailservice_disk,2,emailservice,disk,cluster_info.json|inject_time.txt|logs.csv|logts.csv|metrics.csv|metrics_postprocess.log|pod-node-1.csv|pod-node-2.csv|simple_metrics.csv|traces.csv|tracets_err.csv|tracets_lat.csv,1705602964,True,74813646,409530,7,checkoutservice|currencyservice|emailservice|frontendservice|paymentservice|productcatalogservice|recommendationservice,1705602244,1705603683,True,7,9,True,currencyservice|productcatalogservice,True,6.759795854165204e-05,True,10.0,adservice|cartservice|checkoutservice|currencyservice|emailservice|frontend|paymentservice|productcatalogservice|recommendationservice|shippingservice,1441.0,1705602244.0,1705603684.0
/home/user/data/RE2/RE2-OB/emailservice_disk/3,RE2-OB,emailservice_disk,3,emailservice,disk,cluster_info.json|inject_time.txt|logs.csv|logts.csv|metrics.csv|metrics_postprocess.log|pod-node-1.csv|pod-node-2.csv|simple_metrics.csv|traces.csv|tracets_err.csv|tracets_lat.csv,1705719294,True,67547937,369748,7,checkoutservice|currencyservice|emailservice|frontendservice|paymentservice|productcatalogservice|recommendationservice,1705718574,1705719884,True,7,9,True,currencyservice|productcatalogservice,True,6.048038707447728e-05,True,10.0,adservice|cartservice|checkoutservice|currencyservice|emailservice|frontend|paymentservice|productcatalogservice|recommendationservice|shippingservice,1441.0,1705718574.0,1705720014.0
/home/user/data/RE2/RE2-OB/emailservice_loss/1,RE2-OB,emailservice_loss,1,emailservice,loss,cluster_info.json|inject_time.txt|logs.csv|logts.csv|metrics.csv|metrics_postprocess.log|pod-node-1.csv|pod-node-2.csv|simple_metrics.csv|traces.csv|tracets_err.csv|tracets_lat.csv,1705351632,True,70611006,386467,7,checkoutservice|currencyservice|emailservice|frontendservice|paymentservice|productcatalogservice|recommendationservice,1705350912,1705352351,True,7,9,True,currencyservice|productcatalogservice,True,0.0,True,10.0,adservice|cartservice|checkoutservice|currencyservice|emailservice|frontend|paymentservice|productcatalogservice|recommendationservice|shippingservice,1441.0,1705350912.0,1705352352.0
/home/user/data/RE2/RE2-OB/emailservice_loss/2,RE2-OB,emailservice_loss,2,emailservice,loss,cluster_info.json|inject_time.txt|logs.csv|logts.csv|metrics.csv|metrics_postprocess.log|pod-node-1.csv|pod-node-2.csv|simple_metrics.csv|traces.csv|tracets_err.csv|tracets_lat.csv,1705740414,True,74940766,410063,7,checkoutservice|currencyservice|emailservice|frontendservice|paymentservice|productcatalogservice|recommendationservice,1705739694,1705741134,True,7,9,True,currencyservice|productcatalogservice,True,0.0,True,10.0,adservice|cartservice|checkoutservice|currencyservice|emailservice|frontend|paymentservice|productcatalogservice|recommendationservice|shippingservice,1441.0,1705739694.0,1705741134.0
/home/user/data/RE2/RE2-OB/emailservice_loss/3,RE2-OB,emailservice_loss,3,emailservice,loss,cluster_info.json|inject_time.txt|logs.csv|logts.csv|metrics.csv|metrics_postprocess.log|pod-node-1.csv|pod-node-2.csv|simple_metrics.csv|traces.csv|tracets_err.csv|tracets_lat.csv,1705742773,True,73632866,402931,7,checkoutservice|currencyservice|emailservice|frontendservice|paymentservice|productcatalogservice|recommendationservice,1705742053,1705743493,True,7,9,True,currencyservice|productcatalogservice,True,5.285705602055082e-05,True,10.0,adservice|cartservice|checkoutservice|currencyservice|emailservice|frontend|paymentservice|productcatalogservice|recommendationservice|shippingservice,1441.0,1705742053.0,1705743493.0
/home/user/data/RE2/RE2-OB/emailservice_mem/1,RE2-OB,emailservice_mem,1,emailservice,mem,cluster_info.json|inject_time.txt|logs.csv|logts.csv|metrics.csv|metrics_postprocess.log|pod-node-1.csv|pod-node-2.csv|simple_metrics.csv|traces.csv|tracets_err.csv|tracets_lat.csv,1705475505,True,73947368,404657,7,checkoutservice|currencyservice|emailservice|frontendservice|paymentservice|productcatalogservice|recommendationservice,1705474785,1705476225,True,7,9,True,currencyservice|productcatalogservice,True,0.0,True,10.0,adservice|cartservice|checkoutservice|currencyservice|emailservice|frontend|paymentservice|productcatalogservice|recommendationservice|shippingservice,1441.0,1705474785.0,1705476225.0
/home/user/data/RE2/RE2-OB/emailservice_mem/2,RE2-OB,emailservice_mem,2,emailservice,mem,cluster_info.json|inject_time.txt|logs.csv|logts.csv|metrics.csv|metrics_postprocess.log|pod-node-1.csv|pod-node-2.csv|simple_metrics.csv|traces.csv|tracets_err.csv|tracets_lat.csv,1705597985,True,74178959,406048,7,checkoutservice|currencyservice|emailservice|frontendservice|paymentservice|productcatalogservice|recommendationservice,1705597265,1705598705,True,7,9,True,currencyservice|productcatalogservice,True,3.1460638808271004e-05,True,10.0,adservice|cartservice|checkoutservice|currencyservice|emailservice|frontend|paymentservice|productcatalogservice|recommendationservice|shippingservice,1441.0,1705597265.0,1705598705.0
/home/user/data/RE2/RE2-OB/emailservice_mem/3,RE2-OB,emailservice_mem,3,emailservice,mem,cluster_info.json|inject_time.txt|logs.csv|logts.csv|metrics.csv|metrics_postprocess.log|pod-node-1.csv|pod-node-2.csv|simple_metrics.csv|traces.csv|tracets_err.csv|tracets_lat.csv,1705600502,True,72289943,395523,7,checkoutservice|currencyservice|emailservice|frontendservice|paymentservice|productcatalogservice|recommendationservice,1705599782,1705601221,True,7,9,True,currencyservice|productcatalogservice,True,0.023908616195013815,True,10.0,adservice|cartservice|checkoutservice|currencyservice|emailservice|frontend|paymentservice|productcatalogservice|recommendationservice|shippingservice,1441.0,1705599782.0,1705601222.0
/home/user/data/RE2/RE2-OB/emailservice_socket/1,RE2-OB,emailservice_socket,1,emailservice,socket,cluster_info.json|inject_time.txt|logs.csv|logts.csv|metrics.csv|metrics_postprocess.log|pod-node-1.csv|pod-node-2.csv|simple_metrics.csv|traces.csv|tracets_err.csv|tracets_lat.csv,1705726260,True,74667322,408640,7,checkoutservice|currencyservice|emailservice|frontendservice|paymentservice|productcatalogservice|recommendationservice,1705725540,1705726980,True,7,9,True,currencyservice|productcatalogservice,True,0.0,True,10.0,adservice|cartservice|checkoutservice|currencyservice|emailservice|frontend|paymentservice|productcatalogservice|recommendationservice|shippingservice,1441.0,1705725540.0,1705726980.0
/home/user/data/RE2/RE2-OB/emailservice_socket/2,RE2-OB,emailservice_socket,2,emailservice,socket,cluster_info.json|inject_time.txt|logs.csv|logts.csv|metrics.csv|metrics_postprocess.log|pod-node-1.csv|pod-node-2.csv|simple_metrics.csv|traces.csv|tracets_err.csv|tracets_lat.csv,1705728625,True,75032955,410667,7,checkoutservice|currencyservice|emailservice|frontendservice|paymentservice|productcatalogservice|recommendationservice,1705727905,1705729344,True,7,9,True,currencyservice|productcatalogservice,True,0.0,True,10.0,adservice|cartservice|checkoutservice|currencyservice|emailservice|frontend|paymentservice|productcatalogservice|recommendationservice|shippingservice,1441.0,1705727905.0,1705729345.0
/home/user/data/RE2/RE2-OB/emailservice_socket/3,RE2-OB,emailservice_socket,3,emailservice,socket,cluster_info.json|inject_time.txt|logs.csv|logts.csv|metrics.csv|metrics_postprocess.log|pod-node-1.csv|pod-node-2.csv|simple_metrics.csv|traces.csv|tracets_err.csv|tracets_lat.csv,1705730978,True,74311795,406622,7,checkoutservice|currencyservice|emailservice|frontendservice|paymentservice|productcatalogservice|recommendationservice,1705730258,1705731697,True,7,9,True,currencyservice|productcatalogservice,True,2.0946520913791976e-05,True,10.0,adservice|cartservice|checkoutservice|currencyservice|emailservice|frontend|paymentservice|productcatalogservice|recommendationservice|shippingservice,1441.0,1705730258.0,1705731698.0
/home/user/data/RE2/RE2-OB/productcatalogservice_cpu/1,RE2-OB,productcatalogservice_cpu,1,productcatalogservice,cpu,cluster_info.json|inject_time.txt|logs.csv|logts.csv|metrics.csv|metrics_postprocess.log|pod-node-1.csv|pod-node-2.csv|simple_metrics.csv|traces.csv|tracets_err.csv|tracets_lat.csv,1705340542,True,71844304,393266,7,checkoutservice|currencyservice|emailservice|frontendservice|paymentservice|productcatalogservice|recommendationservice,1705339822,1705341262,True,7,9,True,currencyservice|productcatalogservice,True,0.00015165507137266797,True,10.0,adservice|cartservice|checkoutservice|currencyservice|emailservice|frontend|paymentservice|productcatalogservice|recommendationservice|shippingservice,1441.0,1705339822.0,1705341262.0
/home/user/data/RE2/RE2-OB/productcatalogservice_cpu/2,RE2-OB,productcatalogservice_cpu,2,productcatalogservice,cpu,cluster_info.json|inject_time.txt|logs.csv|logts.csv|metrics.csv|metrics_postprocess.log|pod-node-1.csv|pod-node-2.csv|simple_metrics.csv|traces.csv|tracets_err.csv|tracets_lat.csv,1705486848,True,73149430,400287,7,checkoutservice|currencyservice|emailservice|frontendservice|paymentservice|productcatalogservice|recommendationservice,1705486128,1705487567,True,7,9,True,currencyservice|productcatalogservice,True,2.9254229895695374e-05,True,10.0,adservice|cartservice|checkoutservice|currencyservice|emailservice|frontend|paymentservice|productcatalogservice|recommendationservice|shippingservice,1441.0,1705486128.0,1705487568.0
/home/user/data/RE2/RE2-OB/productcatalogservice_cpu/3,RE2-OB,productcatalogservice_cpu,3,productcatalogservice,cpu,cluster_info.json|inject_time.txt|logs.csv|logts.csv|metrics.csv|metrics_postprocess.log|pod-node-1.csv|pod-node-2.csv|simple_metrics.csv|traces.csv|tracets_err.csv|tracets_lat.csv,1705489222,True,74016432,404922,7,checkoutservice|currencyservice|emailservice|frontendservice|paymentservice|productcatalogservice|recommendationservice,1705488502,1705489942,True,7,9,True,currencyservice|productcatalogservice,True,2.629433882885015e-06,True,10.0,adservice|cartservice|checkoutservice|currencyservice|emailservice|frontend|paymentservice|productcatalogservice|recommendationservice|shippingservice,1441.0,1705488502.0,1705489942.0
/home/user/data/RE2/RE2-OB/productcatalogservice_delay/1,RE2-OB,productcatalogservice_delay,1,productcatalogservice,delay,cluster_info.json|inject_time.txt|logs.csv|logts.csv|metrics.csv|metrics_postprocess.log|pod-node-1.csv|pod-node-2.csv|simple_metrics.csv|traces.csv|tracets_err.csv|tracets_lat.csv,1705394578,True,66783420,365023,7,checkoutservice|currencyservice|emailservice|frontendservice|paymentservice|productcatalogservice|recommendationservice,1705393858,1705395298,True,7,9,True,currencyservice|productcatalogservice,True,2.6278369689944437e-05,True,10.0,adservice|cartservice|checkoutservice|currencyservice|emailservice|frontend|paymentservice|productcatalogservice|recommendationservice|shippingservice,1441.0,1705393858.0,1705395298.0
/home/user/data/RE2/RE2-OB/productcatalogservice_delay/2,RE2-OB,productcatalogservice_delay,2,productcatalogservice,delay,cluster_info.json|inject_time.txt|logs.csv|logts.csv|metrics.csv|metrics_postprocess.log|pod-node-1.csv|pod-node-2.csv|simple_metrics.csv|traces.csv|tracets_err.csv|tracets_lat.csv,1705514496,True,66668551,364200,7,checkoutservice|currencyservice|emailservice|frontendservice|paymentservice|productcatalogservice|recommendationservice,1705513776,1705515215,True,7,9,True,currencyservice|productcatalogservice,True,6.438773121048935e-05,True,10.0,adservice|cartservice|checkoutservice|currencyservice|emailservice|frontend|paymentservice|productcatalogservice|recommendationservice|shippingservice,1441.0,1705513776.0,1705515216.0
/home/user/data/RE2/RE2-OB/productcatalogservice_delay/3,RE2-OB,productcatalogservice_delay,3,productcatalogservice,delay,cluster_info.json|inject_time.txt|logs.csv|logts.csv|metrics.csv|metrics_postprocess.log|pod-node-1.csv|pod-node-2.csv|simple_metrics.csv|traces.csv|tracets_err.csv|tracets_lat.csv,1705516829,True,66881504,365484,7,checkoutservice|currencyservice|emailservice|frontendservice|paymentservice|productcatalogservice|recommendationservice,1705516109,1705517548,True,7,9,True,currencyservice|productcatalogservice,True,2.0410007901588773e-05,True,10.0,adservice|cartservice|checkoutservice|currencyservice|emailservice|frontend|paymentservice|productcatalogservice|recommendationservice|shippingservice,1441.0,1705516109.0,1705517549.0
/home/user/data/RE2/RE2-OB/productcatalogservice_disk/1,RE2-OB,productcatalogservice_disk,1,productcatalogservice,disk,cluster_info.json|inject_time.txt|logs.csv|logts.csv|metrics.csv|metrics_postprocess.log|pod-node-1.csv|pod-node-2.csv|simple_metrics.csv|traces.csv|tracets_err.csv|tracets_lat.csv,1705360699,True,70101148,383516,7,checkoutservice|currencyservice|emailservice|frontendservice|paymentservice|productcatalogservice|recommendationservice,1705359979,1705361418,True,7,9,True,currencyservice|productcatalogservice,True,2.7775926049374486e-05,True,10.0,adservice|cartservice|checkoutservice|currencyservice|emailservice|frontend|paymentservice|productcatalogservice|recommendationservice|shippingservice,1441.0,1705359979.0,1705361419.0
/home/user/data/RE2/RE2-OB/productcatalogservice_disk/2,RE2-OB,productcatalogservice_disk,2,productcatalogservice,disk,cluster_info.json|inject_time.txt|logs.csv|logts.csv|metrics.csv|metrics_postprocess.log|pod-node-1.csv|pod-node-2.csv|simple_metrics.csv|traces.csv|tracets_err.csv|tracets_lat.csv,1705496111,True,73595661,402669,7,checkoutservice|currencyservice|emailservice|frontendservice|paymentservice|productcatalogservice|recommendationservice,1705495391,1705496831,True,7,9,True,currencyservice|productcatalogservice,True,3.965798949856438e-05,True,10.0,adservice|cartservice|checkoutservice|currencyservice|emailservice|frontend|paymentservice|productcatalogservice|recommendationservice|shippingservice,1441.0,1705495391.0,1705496831.0
/home/user/data/RE2/RE2-OB/productcatalogservice_disk/3,RE2-OB,productcatalogservice_disk,3,productcatalogservice,disk,cluster_info.json|inject_time.txt|logs.csv|logts.csv|metrics.csv|metrics_postprocess.log|pod-node-1.csv|pod-node-2.csv|simple_metrics.csv|traces.csv|tracets_err.csv|tracets_lat.csv,1708472972,True,73121908,399976,7,checkoutservice|currencyservice|emailservice|frontendservice|paymentservice|productcatalogservice|recommendationservice,1708472252,1708473691,True,7,9,True,currencyservice|productcatalogservice,True,2.9289828175217078e-05,True,10.0,adservice|cartservice|checkoutservice|currencyservice|emailservice|frontend|paymentservice|productcatalogservice|recommendationservice|shippingservice,1441.0,1708472252.0,1708473692.0
/home/user/data/RE2/RE2-OB/productcatalogservice_loss/1,RE2-OB,productcatalogservice_loss,1,productcatalogservice,loss,cluster_info.json|inject_time.txt|logs.csv|logts.csv|metrics.csv|metrics_postprocess.log|pod-node-1.csv|pod-node-2.csv|simple_metrics.csv|traces.csv|tracets_err.csv|tracets_lat.csv,1705342830,True,46491167,254889,7,checkoutservice|currencyservice|emailservice|frontendservice|paymentservice|productcatalogservice|recommendationservice,1705342110,1705343549,True,7,9,True,currencyservice|productcatalogservice,True,0.0012154040903184023,True,10.0,adservice|cartservice|checkoutservice|currencyservice|emailservice|frontend|paymentservice|productcatalogservice|recommendationservice|shippingservice,1441.0,1705342110.0,1705343550.0
/home/user/data/RE2/RE2-OB/productcatalogservice_loss/2,RE2-OB,productcatalogservice_loss,2,productcatalogservice,loss,cluster_info.json|inject_time.txt|logs.csv|logts.csv|metrics.csv|metrics_postprocess.log|pod-node-1.csv|pod-node-2.csv|simple_metrics.csv|traces.csv|tracets_err.csv|tracets_lat.csv,1705519114,True,47490813,260357,7,checkoutservice|currencyservice|emailservice|frontendservice|paymentservice|productcatalogservice|recommendationservice,1705518394,1705519833,True,7,9,True,currencyservice|productcatalogservice,True,0.00012757569148082456,True,10.0,adservice|cartservice|checkoutservice|currencyservice|emailservice|frontend|paymentservice|productcatalogservice|recommendationservice|shippingservice,1441.0,1705518394.0,1705519834.0
/home/user/data/RE2/RE2-OB/productcatalogservice_loss/3,RE2-OB,productcatalogservice_loss,3,productcatalogservice,loss,cluster_info.json|inject_time.txt|logs.csv|logts.csv|metrics.csv|metrics_postprocess.log|pod-node-1.csv|pod-node-2.csv|simple_metrics.csv|traces.csv|tracets_err.csv|tracets_lat.csv,1705717097,True,60989802,333739,7,checkoutservice|currencyservice|emailservice|frontendservice|paymentservice|productcatalogservice|recommendationservice,1705716377,1705717816,True,7,9,True,currencyservice|productcatalogservice,True,3.837053143186033e-05,True,10.0,adservice|cartservice|checkoutservice|currencyservice|emailservice|frontend|paymentservice|productcatalogservice|recommendationservice|shippingservice,1441.0,1705716377.0,1705717817.0
/home/user/data/RE2/RE2-OB/productcatalogservice_mem/1,RE2-OB,productcatalogservice_mem,1,productcatalogservice,mem,cluster_info.json|inject_time.txt|logs.csv|logts.csv|metrics.csv|metrics_postprocess.log|pod-node-1.csv|pod-node-2.csv|simple_metrics.csv|traces.csv|tracets_err.csv|tracets_lat.csv,1705357616,True,57984329,317085,7,checkoutservice|currencyservice|emailservice|frontendservice|paymentservice|productcatalogservice|recommendationservice,1705356896,1705358335,True,7,9,True,currencyservice|productcatalogservice,True,4.0383780527614095e-05,True,10.0,adservice|cartservice|checkoutservice|currencyservice|emailservice|frontend|paymentservice|productcatalogservice|recommendationservice|shippingservice,1441.0,1705356896.0,1705358336.0
/home/user/data/RE2/RE2-OB/productcatalogservice_mem/2,RE2-OB,productcatalogservice_mem,2,productcatalogservice,mem,cluster_info.json|inject_time.txt|logs.csv|logts.csv|metrics.csv|metrics_postprocess.log|pod-node-1.csv|pod-node-2.csv|simple_metrics.csv|traces.csv|tracets_err.csv|tracets_lat.csv,1705491651,True,58620448,320661,7,checkoutservice|currencyservice|emailservice|frontendservice|paymentservice|productcatalogservice|recommendationservice,1705490931,1705492370,True,7,9,True,currencyservice|productcatalogservice,True,0.010047179214565752,True,10.0,adservice|cartservice|checkoutservice|currencyservice|emailservice|frontend|paymentservice|productcatalogservice|recommendationservice|shippingservice,1441.0,1705490931.0,1705492371.0
/home/user/data/RE2/RE2-OB/productcatalogservice_mem/3,RE2-OB,productcatalogservice_mem,3,productcatalogservice,mem,cluster_info.json|inject_time.txt|logs.csv|logts.csv|metrics.csv|metrics_postprocess.log|pod-node-1.csv|pod-node-2.csv|simple_metrics.csv|traces.csv|tracets_err.csv|tracets_lat.csv,1705493908,True,50473904,276103,7,checkoutservice|currencyservice|emailservice|frontendservice|paymentservice|productcatalogservice|recommendationservice,1705493188,1705494627,True,7,9,True,currencyservice|productcatalogservice,True,0.007931886801911056,True,10.0,adservice|cartservice|checkoutservice|currencyservice|emailservice|frontend|paymentservice|productcatalogservice|recommendationservice|shippingservice,1441.0,1705493188.0,1705494628.0
/home/user/data/RE2/RE2-OB/productcatalogservice_socket/1,RE2-OB,productcatalogservice_socket,1,productcatalogservice,socket,cluster_info.json|inject_time.txt|logs.csv|logts.csv|metrics.csv|metrics_postprocess.log|pod-node-1.csv|pod-node-2.csv|simple_metrics.csv|traces.csv|tracets_err.csv|tracets_lat.csv,1705392233,True,70139371,383626,7,checkoutservice|currencyservice|emailservice|frontendservice|paymentservice|productcatalogservice|recommendationservice,1705391513,1705392952,True,7,9,True,currencyservice|productcatalogservice,True,0.0,True,10.0,adservice|cartservice|checkoutservice|currencyservice|emailservice|frontend|paymentservice|productcatalogservice|recommendationservice|shippingservice,1441.0,1705391513.0,1705392953.0
/home/user/data/RE2/RE2-OB/productcatalogservice_socket/2,RE2-OB,productcatalogservice_socket,2,productcatalogservice,socket,cluster_info.json|inject_time.txt|logs.csv|logts.csv|metrics.csv|metrics_postprocess.log|pod-node-1.csv|pod-node-2.csv|simple_metrics.csv|traces.csv|tracets_err.csv|tracets_lat.csv,1705509677,True,73531982,402531,7,checkoutservice|currencyservice|emailservice|frontendservice|paymentservice|productcatalogservice|recommendationservice,1705508957,1705510396,True,7,9,True,currencyservice|productcatalogservice,True,3.967781613300004e-05,True,10.0,adservice|cartservice|checkoutservice|currencyservice|emailservice|frontend|paymentservice|productcatalogservice|recommendationservice|shippingservice,1441.0,1705508957.0,1705510397.0
/home/user/data/RE2/RE2-OB/productcatalogservice_socket/3,RE2-OB,productcatalogservice_socket,3,productcatalogservice,socket,cluster_info.json|inject_time.txt|logs.csv|logts.csv|metrics.csv|metrics_postprocess.log|pod-node-1.csv|pod-node-2.csv|simple_metrics.csv|traces.csv|tracets_err.csv|tracets_lat.csv,1705512067,True,74437777,407531,7,checkoutservice|currencyservice|emailservice|frontendservice|paymentservice|productcatalogservice|recommendationservice,1705511347,1705512786,True,7,9,True,currencyservice|productcatalogservice,True,3.396135720033021e-05,True,10.0,adservice|cartservice|checkoutservice|currencyservice|emailservice|frontend|paymentservice|productcatalogservice|recommendationservice|shippingservice,1441.0,1705511347.0,1705512787.0
/home/user/data/RE2/RE2-OB/recommendationservice_cpu/1,RE2-OB,recommendationservice_cpu,1,recommendationservice,cpu,cluster_info.json|inject_time.txt|logs.csv|logts.csv|metrics.csv|metrics_postprocess.log|pod-node-1.csv|pod-node-2.csv|simple_metrics.csv|traces.csv|tracets_err.csv|tracets_lat.csv,1705345765,True,71444501,391057,7,checkoutservice|currencyservice|emailservice|frontendservice|paymentservice|productcatalogservice|recommendationservice,1705345045,1705346485,True,7,9,True,currencyservice|productcatalogservice,True,8.989302729751596e-05,True,10.0,adservice|cartservice|checkoutservice|currencyservice|emailservice|frontend|paymentservice|productcatalogservice|recommendationservice|shippingservice,1441.0,1705345045.0,1705346485.0
/home/user/data/RE2/RE2-OB/recommendationservice_cpu/2,RE2-OB,recommendationservice_cpu,2,recommendationservice,cpu,cluster_info.json|inject_time.txt|logs.csv|logts.csv|metrics.csv|metrics_postprocess.log|pod-node-1.csv|pod-node-2.csv|simple_metrics.csv|traces.csv|tracets_err.csv|tracets_lat.csv,1705525832,True,74221872,406293,7,checkoutservice|currencyservice|emailservice|frontendservice|paymentservice|productcatalogservice|recommendationservice,1705525112,1705526551,True,7,9,True,currencyservice|productcatalogservice,True,0.0,True,10.0,adservice|cartservice|checkoutservice|currencyservice|emailservice|frontend|paymentservice|productcatalogservice|recommendationservice|shippingservice,1441.0,1705525112.0,1705526552.0
/home/user/data/RE2/RE2-OB/recommendationservice_cpu/3,RE2-OB,recommendationservice_cpu,3,recommendationservice,cpu,cluster_info.json|inject_time.txt|logs.csv|logts.csv|metrics.csv|metrics_postprocess.log|pod-node-1.csv|pod-node-2.csv|simple_metrics.csv|traces.csv|tracets_err.csv|tracets_lat.csv,1705528257,True,74958217,410295,7,checkoutservice|currencyservice|emailservice|frontendservice|paymentservice|productcatalogservice|recommendationservice,1705527537,1705528977,True,7,9,True,currencyservice|productcatalogservice,True,0.0,True,10.0,adservice|cartservice|checkoutservice|currencyservice|emailservice|frontend|paymentservice|productcatalogservice|recommendationservice|shippingservice,1441.0,1705527537.0,1705528977.0
/home/user/data/RE2/RE2-OB/recommendationservice_delay/1,RE2-OB,recommendationservice_delay,1,recommendationservice,delay,cluster_info.json|inject_time.txt|logs.csv|logts.csv|metrics.csv|metrics_postprocess.log|pod-node-1.csv|pod-node-2.csv|simple_metrics.csv|traces.csv|tracets_err.csv|tracets_lat.csv,1705400377,True,71971092,393688,7,checkoutservice|currencyservice|emailservice|frontendservice|paymentservice|productcatalogservice|recommendationservice,1705399657,1705401097,True,7,9,True,currencyservice|productcatalogservice,True,0.0,True,10.0,adservice|cartservice|checkoutservice|currencyservice|emailservice|frontend|paymentservice|productcatalogservice|recommendationservice|shippingservice,1441.0,1705399657.0,1705401097.0
/home/user/data/RE2/RE2-OB/recommendationservice_delay/2,RE2-OB,recommendationservice_delay,2,recommendationservice,delay,cluster_info.json|inject_time.txt|logs.csv|logts.csv|metrics.csv|metrics_postprocess.log|pod-node-1.csv|pod-node-2.csv|simple_metrics.csv|traces.csv|tracets_err.csv|tracets_lat.csv,1705545315,True,72418457,396200,7,checkoutservice|currencyservice|emailservice|frontendservice|paymentservice|productcatalogservice|recommendationservice,1705544595,1705546034,True,7,9,True,currencyservice|productcatalogservice,True,2.150329538001699e-05,True,10.0,adservice|cartservice|checkoutservice|currencyservice|emailservice|frontend|paymentservice|productcatalogservice|recommendationservice|shippingservice,1441.0,1705544595.0,1705546035.0
/home/user/data/RE2/RE2-OB/recommendationservice_delay/3,RE2-OB,recommendationservice_delay,3,recommendationservice,delay,cluster_info.json|inject_time.txt|logs.csv|logts.csv|metrics.csv|metrics_postprocess.log|pod-node-1.csv|pod-node-2.csv|simple_metrics.csv|traces.csv|tracets_err.csv|tracets_lat.csv,1705547762,True,72528746,396781,7,checkoutservice|currencyservice|emailservice|frontendservice|paymentservice|productcatalogservice|recommendationservice,1705547042,1705548481,True,7,9,True,currencyservice|productcatalogservice,True,0.0,True,10.0,adservice|cartservice|checkoutservice|currencyservice|emailservice|frontend|paymentservice|productcatalogservice|recommendationservice|shippingservice,1441.0,1705547042.0,1705548482.0
/home/user/data/RE2/RE2-OB/recommendationservice_disk/1,RE2-OB,recommendationservice_disk,1,recommendationservice,disk,cluster_info.json|inject_time.txt|logs.csv|logts.csv|metrics.csv|metrics_postprocess.log|pod-node-1.csv|pod-node-2.csv|simple_metrics.csv|traces.csv|tracets_err.csv|tracets_lat.csv,1705366522,True,71519359,391177,7,checkoutservice|currencyservice|emailservice|frontendservice|paymentservice|productcatalogservice|recommendationservice,1705365802,1705367241,True,7,9,True,currencyservice|productcatalogservice,True,4.89934566516783e-05,True,10.0,adservice|cartservice|checkoutservice|currencyservice|emailservice|frontend|paymentservice|productcatalogservice|recommendationservice|shippingservice,1441.0,1705365802.0,1705367242.0
/home/user/data/RE2/RE2-OB/recommendationservice_disk/2,RE2-OB,recommendationservice_disk,2,recommendationservice,disk,cluster_info.json|inject_time.txt|logs.csv|logts.csv|metrics.csv|metrics_postprocess.log|pod-node-1.csv|pod-node-2.csv|simple_metrics.csv|traces.csv|tracets_err.csv|tracets_lat.csv,1705535461,True,73835072,404057,7,checkoutservice|currencyservice|emailservice|frontendservice|paymentservice|productcatalogservice|recommendationservice,1705534741,1705536180,True,7,9,True,currencyservice|productcatalogservice,True,0.0,True,10.0,adservice|cartservice|checkoutservice|currencyservice|emailservice|frontend|paymentservice|productcatalogservice|recommendationservice|shippingservice,1441.0,1705534741.0,1705536181.0
/home/user/data/RE2/RE2-OB/recommendationservice_disk/3,RE2-OB,recommendationservice_disk,3,recommendationservice,disk,cluster_info.json|inject_time.txt|logs.csv|logts.csv|metrics.csv|metrics_postprocess.log|pod-node-1.csv|pod-node-2.csv|simple_metrics.csv|traces.csv|tracets_err.csv|tracets_lat.csv,1705537934,True,74858815,409575,7,checkoutservice|currencyservice|emailservice|frontendservice|paymentservice|productcatalogservice|recommendationservice,1705537214,1705538653,True,7,9,True,currencyservice|productcatalogservice,True,3.6392750564087634e-05,True,10.0,adservice|cartservice|checkoutservice|currencyservice|emailservice|frontend|paymentservice|productcatalogservice|recommendationservice|shippingservice,1441.0,1705537214.0,1705538654.0
/home/user/data/RE2/RE2-OB/recommendationservice_loss/1,RE2-OB,recommendationservice_loss,1,recommendationservice,loss,cluster_info.json|inject_time.txt|logs.csv|logts.csv|metrics.csv|metrics_postprocess.log|pod-node-1.csv|pod-node-2.csv|simple_metrics.csv|traces.csv|tracets_err.csv|tracets_lat.csv,1705347231,True,54439755,299508,7,checkoutservice|currencyservice|emailservice|frontendservice|paymentservice|productcatalogservice|recommendationservice,1705346511,1705347950,True,7,9,True,currencyservice|productcatalogservice,True,0.0018882243138552506,True,10.0,adservice|cartservice|checkoutservice|currencyservice|emailservice|frontend|paymentservice|productcatalogservice|recommendationservice|shippingservice,1441.0,1705346511.0,1705347951.0
/home/user/data/RE2/RE2-OB/recommendationservice_loss/2,RE2-OB,recommendationservice_loss,2,recommendationservice,loss,cluster_info.json|inject_time.txt|logs.csv|logts.csv|metrics.csv|metrics_postprocess.log|pod-node-1.csv|pod-node-2.csv|simple_metrics.csv|traces.csv|tracets_err.csv|tracets_lat.csv,1705583459,True,67681893,370911,7,checkoutservice|currencyservice|emailservice|frontendservice|paymentservice|productcatalogservice|recommendationservice,1705582739,1705584178,True,7,9,True,currencyservice|productcatalogservice,True,0.0005178216967290929,True,10.0,adservice|cartservice|checkoutservice|currencyservice|emailservice|frontend|paymentservice|productcatalogservice|recommendationservice|shippingservice,1441.0,1705582739.0,1705584179.0
/home/user/data/RE2/RE2-OB/recommendationservice_loss/3,RE2-OB,recommendationservice_loss,3,recommendationservice,loss,cluster_info.json|inject_time.txt|logs.csv|logts.csv|metrics.csv|metrics_postprocess.log|pod-node-1.csv|pod-node-2.csv|simple_metrics.csv|traces.csv|tracets_err.csv|tracets_lat.csv,1705757332,True,66376410,363896,7,checkoutservice|currencyservice|emailservice|frontendservice|paymentservice|productcatalogservice|recommendationservice,1705756612,1705758051,True,7,9,True,currencyservice|productcatalogservice,True,0.000346239051657106,True,10.0,adservice|cartservice|checkoutservice|currencyservice|emailservice|frontend|paymentservice|productcatalogservice|recommendationservice|shippingservice,1441.0,1705756612.0,1705758052.0
/home/user/data/RE2/RE2-OB/recommendationservice_mem/1,RE2-OB,recommendationservice_mem,1,recommendationservice,mem,cluster_info.json|inject_time.txt|logs.csv|logts.csv|metrics.csv|metrics_postprocess.log|pod-node-1.csv|pod-node-2.csv|simple_metrics.csv|traces.csv|tracets_err.csv|tracets_lat.csv,1705458232,True,72903752,398876,7,checkoutservice|currencyservice|emailservice|frontendservice|paymentservice|productcatalogservice|recommendationservice,1705457512,1705458951,True,7,9,True,currencyservice|productcatalogservice,True,3.202408210974653e-05,True,10.0,adservice|cartservice|checkoutservice|currencyservice|emailservice|frontend|paymentservice|productcatalogservice|recommendationservice|shippingservice,1441.0,1705457512.0,1705458952.0
/home/user/data/RE2/RE2-OB/recommendationservice_mem/2,RE2-OB,recommendationservice_mem,2,recommendationservice,mem,cluster_info.json|inject_time.txt|logs.csv|logts.csv|metrics.csv|metrics_postprocess.log|pod-node-1.csv|pod-node-2.csv|simple_metrics.csv|traces.csv|tracets_err.csv|tracets_lat.csv,1705530692,True,72162308,395021,7,checkoutservice|currencyservice|emailservice|frontendservice|paymentservice|productcatalogservice|recommendationservice,1705529972,1705531411,True,7,9,True,currencyservice|productcatalogservice,True,3.2344316025530446e-05,True,10.0,adservice|cartservice|checkoutservice|currencyservice|emailservice|frontend|paymentservice|productcatalogservice|recommendationservice|shippingservice,1441.0,1705529972.0,1705531412.0
/home/user/data/RE2/RE2-OB/recommendationservice_mem/3,RE2-OB,recommendationservice_mem,3,recommendationservice,mem,cluster_info.json|inject_time.txt|logs.csv|logts.csv|metrics.csv|metrics_postprocess.log|pod-node-1.csv|pod-node-2.csv|simple_metrics.csv|traces.csv|tracets_err.csv|tracets_lat.csv,1705533073,True,72099195,394497,7,checkoutservice|currencyservice|emailservice|frontendservice|paymentservice|productcatalogservice|recommendationservice,1705532353,1705533792,True,7,9,True,currencyservice|productcatalogservice,True,9.714894822770634e-05,True,10.0,adservice|cartservice|checkoutservice|currencyservice|emailservice|frontend|paymentservice|productcatalogservice|recommendationservice|shippingservice,1441.0,1705532353.0,1705533793.0
/home/user/data/RE2/RE2-OB/recommendationservice_socket/1,RE2-OB,recommendationservice_socket,1,recommendationservice,socket,cluster_info.json|inject_time.txt|logs.csv|logts.csv|metrics.csv|metrics_postprocess.log|pod-node-1.csv|pod-node-2.csv|simple_metrics.csv|traces.csv|tracets_err.csv|tracets_lat.csv,1705398242,True,55518033,303835,7,checkoutservice|currencyservice|emailservice|frontendservice|paymentservice|productcatalogservice|recommendationservice,1705397522,1705398961,True,7,9,True,currencyservice|productcatalogservice,True,0.005352954992410512,True,10.0,adservice|cartservice|checkoutservice|currencyservice|emailservice|frontend|paymentservice|productcatalogservice|recommendationservice|shippingservice,1441.0,1705397522.0,1705398962.0
/home/user/data/RE2/RE2-OB/recommendationservice_socket/2,RE2-OB,recommendationservice_socket,2,recommendationservice,socket,cluster_info.json|inject_time.txt|logs.csv|logts.csv|metrics.csv|metrics_postprocess.log|pod-node-1.csv|pod-node-2.csv|simple_metrics.csv|traces.csv|tracets_err.csv|tracets_lat.csv,1705540396,True,74474848,407700,7,checkoutservice|currencyservice|emailservice|frontendservice|paymentservice|productcatalogservice|recommendationservice,1705539676,1705541115,True,7,9,True,currencyservice|productcatalogservice,True,0.0,True,10.0,adservice|cartservice|checkoutservice|currencyservice|emailservice|frontend|paymentservice|productcatalogservice|recommendationservice|shippingservice,1441.0,1705539676.0,1705541116.0
/home/user/data/RE2/RE2-OB/recommendationservice_socket/3,RE2-OB,recommendationservice_socket,3,recommendationservice,socket,cluster_info.json|inject_time.txt|logs.csv|logts.csv|metrics.csv|metrics_postprocess.log|pod-node-1.csv|pod-node-2.csv|simple_metrics.csv|traces.csv|tracets_err.csv|tracets_lat.csv,1705542843,True,74363912,406913,7,checkoutservice|currencyservice|emailservice|frontendservice|paymentservice|productcatalogservice|recommendationservice,1705542123,1705543562,True,7,9,True,currencyservice|productcatalogservice,True,4.7091202578504956e-05,True,10.0,adservice|cartservice|checkoutservice|currencyservice|emailservice|frontend|paymentservice|productcatalogservice|recommendationservice|shippingservice,1441.0,1705542123.0,1705543563.0
